Real,Imag
-9.999917814513412662e-01,-4.054260693222161600e-03
-9.999833391877190891e-01,-5.772464549707004462e-03
-9.999157140670187349e-01,-1.298324927899012840e-02
-9.998943534726089100e-01,-1.453553898531963380e-02
-9.998748028316953862e-01,-1.582335812304768233e-02
-9.998026447869755584e-01,-1.986634030132823289e-02
-9.995045535078344034e-01,-3.147455348537436109e-02
-9.994878506869986357e-01,-3.200056763681779354e-02
-9.994328057572132717e-01,-3.367590794998091830e-02
-9.993564512213682915e-01,-3.587036941855177574e-02
-9.990917091116010562e-01,-4.261169774211542860e-02
-9.990514225259968795e-01,-4.354601185870756591e-02
-9.988267211655030842e-01,-4.842706976238152911e-02
-9.987547910724701161e-01,-4.988854888443128299e-02
-9.984664891792195407e-01,-5.535946157723825589e-02
-9.981251578025598370e-01,-6.120595854666794483e-02
-9.977562900151852876e-01,-6.695062161881289164e-02
-9.975028980163179737e-01,-7.062555096460523818e-02
-9.972544389510518137e-01,-7.405122546191172939e-02
-9.965746854384249787e-01,-8.269761993745916584e-02
-9.957844724195291652e-01,-9.172395809261957300e-02
-9.955871404532684599e-01,-9.384159932605661003e-02
-9.954478322350586161e-01,-9.530799178723825538e-02
-9.953245241979685742e-01,-9.658722239552167133e-02
-9.948792694238466350e-01,-1.010704668568537523e-01
-9.944961288315791181e-01,-1.047733255128148744e-01
-9.942303033773387533e-01,-1.072665085019720022e-01
-9.939290860776314185e-01,-1.100225969920531899e-01
-9.938217580329351541e-01,-1.109878969092265577e-01
-9.933255521604661409e-01,-1.153444728849568057e-01
-9.930736810426004091e-01,-1.174932509573156092e-01
-9.923663664022331909e-01,-1.233247535316051025e-01
-9.916463601648433102e-01,-1.289864193309526452e-01
-9.915805037910639941e-01,-1.294917159568495790e-01
-9.911225425904335307e-01,-1.329515158585490020e-01
-9.905657459854642077e-01,-1.370383263188193479e-01
-9.894271825051782487e-01,-1.450305158228687441e-01
-9.891290851229084247e-01,-1.470498315670561162e-01
-9.881970856093942324e-01,-1.531878585042042995e-01
-9.879746306658077071e-01,-1.546160701892172196e-01
-9.877757845553535310e-01,-1.558813633698656609e-01
-9.875897699408672237e-01,-1.570555516628693304e-01
-9.864620257193160713e-01,-1.639898527767685577e-01
-9.854961110458601015e-01,-1.696980115189952176e-01
-9.853978672071496137e-01,-1.702675638623123433e-01
-9.845488477331639787e-01,-1.751101551232635001e-01
-9.841117805935581941e-01,-1.775500022443399772e-01
-9.826053549887807659e-01,-1.857059943765192733e-01
-9.822109990448398831e-01,-1.877805989854344770e-01
-9.815800714878887279e-01,-1.910512058528276713e-01
-9.806901459310897184e-01,-1.955679873436659555e-01
-9.803627622846952105e-01,-1.972025718024847385e-01
-9.797075502938792368e-01,-2.004323224860753427e-01
-9.788165930227237244e-01,-2.047390466505609463e-01
-9.787467855056521948e-01,-2.050724990395788871e-01
-9.781287146615278427e-01,-2.080005229671091360e-01
-9.775096123633496559e-01,-2.108908668891172067e-01
-9.772133785137293582e-01,-2.122593056941813050e-01
-9.759443018442035545e-01,-2.180199983896187188e-01
-9.754708858900928981e-01,-2.201284869815678391e-01
-9.753481728639098458e-01,-2.206715697389036446e-01
-9.724895764576936275e-01,-2.329463965832820616e-01
-9.711368959485809915e-01,-2.385228067236967731e-01
-9.707756697065698104e-01,-2.399887478732161683e-01
-9.701514666057756697e-01,-2.424997563764814401e-01
-9.687107011832162273e-01,-2.481926215928089152e-01
-9.657138358028463099e-01,-2.596089122872097255e-01
-9.654415986232226521e-01,-2.606194920719656083e-01
-9.638429907552742426e-01,-2.664708036013077597e-01
-9.632182401348780010e-01,-2.687203413801664831e-01
-9.629361534016657176e-01,-2.697294282647085262e-01
-9.616716316633115991e-01,-2.742037068568342062e-01
-9.604448336118062146e-01,-2.784703244304364556e-01
-9.600357465339678376e-01,-2.798774113375021022e-01
-9.591264621295634285e-01,-2.829777900168762295e-01
-9.569861732469648885e-01,-2.901335282488675116e-01
-9.554961347456033538e-01,-2.950036211408518239e-01
-9.546082375415353427e-01,-2.978642523329200764e-01
-9.540514356676704777e-01,-2.996428842813810833e-01
-9.535253010674302754e-01,-3.013129605979203984e-01
-9.520385505553046190e-01,-3.059781009428101384e-01
-9.513916080471402914e-01,-3.079837790168052924e-01
-9.509838089271753780e-01,-3.092406751356708838e-01
-9.496372501530888632e-01,-3.133513892129263789e-01
-9.464240236617965651e-01,-3.229265666305881077e-01
-9.463601046977294651e-01,-3.231138378907869035e-01
-9.433850793630237375e-01,-3.316995508517133207e-01
-9.420544303634186267e-01,-3.354600575816046870e-01
-9.403699936455853781e-01,-3.401533110980913821e-01
-9.401189307558491803e-01,-3.408465872419370601e-01
-9.397410231152357740e-01,-3.418871297289788336e-01
-9.363651214333728046e-01,-3.510275763570117613e-01
-9.353425090566682698e-01,-3.537433967603662022e-01
-9.333843825192356114e-01,-3.588782446306694185e-01
-9.310079607744438102e-01,-3.649988725662097755e-01
-9.303446181277250648e-01,-3.666863666960897827e-01
-9.288141024916373167e-01,-3.705460335945414130e-01
-9.265871455268526180e-01,-3.760801267607477016e-01
-9.257721511530234704e-01,-3.780819013778704551e-01
-9.254790694186172395e-01,-3.787987487677942355e-01
-9.252807315607677330e-01,-3.792829653469494966e-01
-9.242587135213593541e-01,-3.817667225935832409e-01
-9.210632791440904743e-01,-3.894129373972333719e-01
-9.189238631815030978e-01,-3.944349549362879959e-01
-9.176783095961571490e-01,-3.973242002405004136e-01
-9.167750673649638360e-01,-3.994039006544265469e-01
-9.153837764638410590e-01,-4.025823416231759655e-01
-9.142190317303287017e-01,-4.052203869773366440e-01
-9.127177664407519764e-01,-4.085906005078964731e-01
-9.098040910809053194e-01,-4.150379691696217677e-01
-9.076020129854649454e-01,-4.198316162757714798e-01
-9.072567066942284209e-01,-4.205773034275122613e-01
-9.067635281518807711e-01,-4.216395427537228957e-01
-9.061189080554237218e-01,-4.230230779336487390e-01
-9.040492158175379434e-01,-4.274283745607940777e-01
-9.029321385655897370e-01,-4.297831466511563003e-01
-8.994867464889994002e-01,-4.369480436969941373e-01
-8.966585452731968831e-01,-4.427227723853350283e-01
-8.946073308654939327e-01,-4.468531342194240752e-01
-8.936702836127210503e-01,-4.487242184098786391e-01
-8.924105403881364973e-01,-4.512243648166219812e-01
-8.881213594254631083e-01,-4.596090196376134696e-01
-8.869258540106731425e-01,-4.619118200343432790e-01
-8.861813474975621663e-01,-4.633385580193085662e-01
-8.836559752339875340e-01,-4.681368575889582329e-01
-8.830579478757323297e-01,-4.692639563119215818e-01
-8.820671480369313144e-01,-4.711237059987345988e-01
-8.802325514693351005e-01,-4.745425748379026309e-01
-8.783400927430553562e-01,-4.780362763223383604e-01
-8.767290099220821364e-01,-4.809846600059664579e-01
-8.749791704160837513e-01,-4.841605635922724415e-01
-8.729726023870723051e-01,-4.877692440914513927e-01
-8.702466886127232515e-01,-4.926161801632098491e-01
-8.701240540269260526e-01,-4.928327612930523127e-01
-8.688645603022904229e-01,-4.950498720843343747e-01
-8.672880248280825377e-01,-4.978066712990142362e-01
-8.661321504333545640e-01,-4.998150637842881383e-01
-8.647060903035355128e-01,-5.022781872548115478e-01
-8.608950937343743393e-01,-5.087825051867305159e-01
-8.583571902042169688e-01,-5.130525645825375625e-01
-8.549458236280647050e-01,-5.187173012932273508e-01
-8.535794698774593625e-01,-5.209626556709364698e-01
-8.521310833312993882e-01,-5.233284024593347628e-01
-8.484021955921627889e-01,-5.293521649284218533e-01
-8.473701215441183932e-01,-5.310027091402802490e-01
-8.449380330984339604e-01,-5.348642072748412968e-01
-8.434889215247821648e-01,-5.371465714913915557e-01
-8.431656691240249080e-01,-5.376538425517350950e-01
-8.404376656550925917e-01,-5.419082303750660801e-01
-8.395424254001059294e-01,-5.432941339213090970e-01
-8.377550569571725614e-01,-5.460462109956430998e-01
-8.355987269061692091e-01,-5.493403021741620762e-01
-8.296986965498700517e-01,-5.582114948148757527e-01
-8.290907185477399688e-01,-5.591141032186617288e-01
-8.281765525098065961e-01,-5.604673031256851568e-01
-8.236400314019862723e-01,-5.671129505417096262e-01
-8.230003646816225205e-01,-5.680408433677255342e-01
-8.216087119659326587e-01,-5.700518611685079229e-01
-8.192600721182118351e-01,-5.734221256917718668e-01
-8.180047204488136714e-01,-5.752115065986195264e-01
-8.166581767449930807e-01,-5.771216703222402655e-01
-8.153716502765709917e-01,-5.789378826137179246e-01
-8.141520622773721350e-01,-5.806517196129683533e-01
-8.105254492307385483e-01,-5.857034199569889354e-01
-8.090124293604079586e-01,-5.877915354446494600e-01
-8.069300254308208187e-01,-5.906470469393872991e-01
-8.049770423525965946e-01,-5.933059592531317872e-01
-8.048273437808548536e-01,-5.935090114755227075e-01
-8.039761207637827756e-01,-5.946615821134022539e-01
-8.019673750629315867e-01,-5.973678341982153750e-01
-7.995413133986352117e-01,-6.006110956091070818e-01
-7.956822863501251675e-01,-6.057142058666206141e-01
-7.902306947878644516e-01,-6.128094720343961743e-01
-7.886328897855661157e-01,-6.148643469485420843e-01
-7.882541854790895419e-01,-6.153497697039401748e-01
-7.869880689680133212e-01,-6.169682157955890256e-01
-7.811944100711329941e-01,-6.242878291890853193e-01
-7.803348179213686064e-01,-6.253619527438731840e-01
-7.762423194148679872e-01,-6.304346608090425352e-01
-7.753936094238089716e-01,-6.314782264375521370e-01
-7.721756250836874225e-01,-6.354091626870101983e-01
-7.706464614782153610e-01,-6.372629217294217829e-01
-7.696423433699377536e-01,-6.384752644324037663e-01
-7.676324466656018197e-01,-6.408903391581081133e-01
-7.640510636215130935e-01,-6.451557735763097101e-01
-7.598717503176193322e-01,-6.500730136448061858e-01
-7.575314158465090708e-01,-6.527987086426985108e-01
-7.570684821952554655e-01,-6.533355288567822550e-01
-7.534203631342585306e-01,-6.575391672095622919e-01
-7.519454045065164793e-01,-6.592253853133420716e-01
-7.507923872062177706e-01,-6.605382587808155126e-01
-7.499980627691237300e-01,-6.614400243730031992e-01
-7.465184601848681156e-01,-6.653647034545993044e-01
-7.434644398668868170e-01,-6.687754680409720986e-01
-7.411083726013598660e-01,-6.713854184149149473e-01
-7.385604730340927793e-01,-6.741872348774282653e-01
-7.322665417370433083e-01,-6.810181435560079821e-01
-7.308562860226416324e-01,-6.825313832939795544e-01
-7.254697675712485916e-01,-6.882540347430725625e-01
-7.244521784505977280e-01,-6.893250620267487028e-01
-7.177286800987336957e-01,-6.963228717798529699e-01
-7.156073942500955631e-01,-6.985027253308382367e-01
-7.128746125908174136e-01,-7.012915133690796887e-01
-7.121263730331996999e-01,-7.020513007114086435e-01
-7.097791088384792779e-01,-7.044243157759826346e-01
-7.076252152964334075e-01,-7.065879666939530734e-01
-7.061101261249252969e-01,-7.081020334555295781e-01
-7.040390916564699397e-01,-7.101612193153979957e-01
-7.003982294534766284e-01,-7.137522820828382519e-01
-6.971761995223162423e-01,-7.168998164455275823e-01
-6.956555602009730777e-01,-7.183754878623467288e-01
-6.938865160448384195e-01,-7.200843720364696887e-01
-6.897004850156098765e-01,-7.240947734718385931e-01
-6.886821360965151850e-01,-7.250633871749015968e-01
-6.854945442492371699e-01,-7.280777635696252803e-01
-6.852754885323391054e-01,-7.282839451867439973e-01
-6.785858190129421263e-01,-7.345211271532836594e-01
-6.777355062732134394e-01,-7.353057755359974079e-01
-6.750523781780534138e-01,-7.377698060480396558e-01
-6.743566837722398954e-01,-7.384057577319593779e-01
-6.671278505332801645e-01,-7.449432401484352706e-01
-6.623546707357080843e-01,-7.491904231599558761e-01
-6.606735198027473555e-01,-7.506733645410982314e-01
-6.591816160476059450e-01,-7.519837744691423298e-01
-6.572310741902818165e-01,-7.536891369249600903e-01
-6.553354469298833251e-01,-7.553379720345128057e-01
-6.525279817865353715e-01,-7.577646290145723107e-01
-6.518164516762143812e-01,-7.583767621204124953e-01
-6.503157173849553052e-01,-7.596640492494647345e-01
-6.443528575799124525e-01,-7.647283144546231926e-01
-6.420849220505469024e-01,-7.666335192745981075e-01
-6.419248386377275351e-01,-7.667675668283755464e-01
-6.405623916243688987e-01,-7.679061286618910076e-01
-6.355391355678975396e-01,-7.720686544353528857e-01
-6.322045032565295486e-01,-7.748015656038474974e-01
-6.316515053957764136e-01,-7.752524593519478646e-01
-6.273919706746546865e-01,-7.787036118658863248e-01
-6.243888112668050105e-01,-7.811137000237732275e-01
-6.223454537756231142e-01,-7.827427011252446887e-01
-6.186710903868075651e-01,-7.856501014571215524e-01
-6.134716088378882048e-01,-7.897167752744445046e-01
-6.084528275033166400e-01,-7.935900432233363722e-01
-6.061511625500647371e-01,-7.953494629024550067e-01
-6.040645616979261057e-01,-7.969353833910901574e-01
-6.030311682380131710e-01,-7.977176255627576040e-01
-6.005262060982370365e-01,-7.996050748896381677e-01
-6.004029989685502056e-01,-7.996975921118940622e-01
-5.957637802672093308e-01,-8.031597089755782015e-01
-5.953358758845046506e-01,-8.034769411033799713e-01
-5.865082496455652494e-01,-8.099432530107766315e-01
-5.831101722132883136e-01,-8.123930865421026271e-01
-5.816788545337692184e-01,-8.134185332215556619e-01
-5.784345164325611632e-01,-8.157288214838561702e-01
-5.690611036333214079e-01,-8.222952391517425186e-01
-5.688926882180240785e-01,-8.224117638337092862e-01
-5.644898894851189119e-01,-8.254399824754556914e-01
-5.636711212317202513e-01,-8.259993142184595127e-01
-5.620156166312960666e-01,-8.271266206951287669e-01
-5.581861723953792653e-01,-8.297157326136493927e-01
-5.573150174273862056e-01,-8.303011329330561852e-01
-5.550268469611812083e-01,-8.318324345397477559e-01
-5.492211738468633087e-01,-8.356770322309227117e-01
-5.463180166718638597e-01,-8.375778320011377787e-01
-5.454447890970822721e-01,-8.381467544808860470e-01
-5.426384826987533661e-01,-8.399663547395193053e-01
-5.380851952543290739e-01,-8.428904570868621660e-01
-5.364832757919607564e-01,-8.439109519348143573e-01
-5.343077787309669091e-01,-8.452900079780818476e-01
-5.300647634255992724e-01,-8.479571608133057437e-01
-5.230674118024162267e-01,-8.522913132904252898e-01
-5.200968132773891028e-01,-8.541073145797964949e-01
-5.183314736700834757e-01,-8.551797959511212577e-01
-5.175604481188197381e-01,-8.556466458433975575e-01
-5.158815218645692591e-01,-8.566599415163035358e-01
-5.156183019248441468e-01,-8.568183977484026270e-01
-5.089987658151406968e-01,-8.607672486791361210e-01
-5.082775910267621766e-01,-8.611932944815798852e-01
-5.062091874682275172e-01,-8.624107249581064449e-01
-5.045115170264502513e-01,-8.634049624525443889e-01
-5.017815480527412220e-01,-8.649943803481048299e-01
-4.997261988314416481e-01,-8.661834252636593234e-01
-4.971779577037528375e-01,-8.676485915239701141e-01
-4.971466761370210152e-01,-8.676665156648106780e-01
-4.909767195812559937e-01,-8.711726928854252039e-01
-4.876678054810734131e-01,-8.730292729899078452e-01
-4.832014361432795946e-01,-8.755092073239946204e-01
-4.828396799869114075e-01,-8.757087663316747150e-01
-4.797146590800109855e-01,-8.774245528042541320e-01
-4.704253595716502145e-01,-8.824397889215319646e-01
-4.656951739582366190e-01,-8.849451988411549674e-01
-4.646388576335649945e-01,-8.855002721495808249e-01
-4.603394575670126665e-01,-8.877429717023416211e-01
-4.535772798825610796e-01,-8.912169495551237608e-01
-4.518715880659903150e-01,-8.920829938401027004e-01
-4.456939649336786879e-01,-8.951853939948422045e-01
-4.422225097757927492e-01,-8.969053750801223579e-01
-4.404517188390268956e-01,-8.977762991813458271e-01
-4.381967403703381780e-01,-8.988790890485812701e-01
-4.376429491231998425e-01,-8.991488470118595977e-01
-4.321276594752404554e-01,-9.018124449775929419e-01
-4.298458764885776384e-01,-9.029022773621615539e-01
-4.261902577765103173e-01,-9.046335524268370731e-01
-4.210398983010658069e-01,-9.070421181172555469e-01
-4.184684195772725990e-01,-9.082313481798007793e-01
-4.179089993000477121e-01,-9.084888927796718194e-01
-4.094123299788147152e-01,-9.123494637809076435e-01
-4.032476825949408150e-01,-9.150908733463681832e-01
-4.010912021553533768e-01,-9.160381256004427319e-01
-3.993729964655693410e-01,-9.167885305205967228e-01
-3.988684673926825019e-01,-9.170081492112237553e-01
-3.929980785282736755e-01,-9.195392924030377779e-01
-3.918651205659539061e-01,-9.200226775921422906e-01
-3.904210087047693123e-01,-9.206364298472762275e-01
-3.888231656303792194e-01,-9.213124040569312667e-01
-3.854539289351088249e-01,-9.227270824401424543e-01
-3.738235449207159555e-01,-9.274998421902305168e-01
-3.716834719923060582e-01,-9.283595190699260868e-01
-3.680589193506320078e-01,-9.298024692839069738e-01
-3.657624302365887203e-01,-9.307082489305790185e-01
-3.619828610232374011e-01,-9.321847501034501438e-01
-3.592894571498765899e-01,-9.332261708615672280e-01
-3.559776112415618532e-01,-9.344944838225395234e-01
-3.537122343090949861e-01,-9.353542939977681492e-01
-3.472602831501948040e-01,-9.377687858669915277e-01
-3.440352287770136464e-01,-9.389567409419586896e-01
-3.419971673246467447e-01,-9.397009830482916382e-01
-3.344300865453806448e-01,-9.424205628132502621e-01
-3.336075930630077457e-01,-9.427120312432200055e-01
-3.319609148012223065e-01,-9.432931416290118998e-01
-3.217890252443990629e-01,-9.468113979205508013e-01
-3.200487406098000975e-01,-9.474010785480874164e-01
-3.181343308398865144e-01,-9.480456463383285515e-01
-3.164479371686277354e-01,-9.486098792768934418e-01
-3.106708336340756049e-01,-9.505175606631904861e-01
-3.045693234048683085e-01,-9.524901717291994752e-01
-2.976797046577800421e-01,-9.546658019615338331e-01
-2.917042669572415536e-01,-9.565085575356593317e-01
-2.900773282617934989e-01,-9.570032098318741465e-01
-2.837864972038263156e-01,-9.588874928816155663e-01
-2.807738777679685827e-01,-9.597739471162697322e-01
-2.800786117739419434e-01,-9.599770680733812345e-01
-2.793163479884348543e-01,-9.601991344228669734e-01
-2.785132155718834102e-01,-9.604323967629397885e-01
-2.715698437098481577e-01,-9.624187342250819510e-01
-2.700583698189918946e-01,-9.628439525129242060e-01
-2.668610104965609131e-01,-9.637350263826415242e-01
-2.634490738175939151e-01,-9.646733050647952057e-01
-2.590215523657309338e-01,-9.658715418781378403e-01
-2.539839089351519918e-01,-9.672084439261317002e-01
-2.501138214594028630e-01,-9.682164408410881551e-01
-2.383084948533731040e-01,-9.711895084280516288e-01
-2.364827903047263813e-01,-9.716356775508521171e-01
-2.345109654781609987e-01,-9.721134743796702171e-01
-2.318217939642575054e-01,-9.727582720507699232e-01
-2.307594605162007206e-01,-9.730108279881939382e-01
-2.284088986165541679e-01,-9.735652905854743633e-01
-2.232949759908877951e-01,-9.747509187978581346e-01
-2.173967593619051675e-01,-9.760833207359678187e-01
-2.163057001320378425e-01,-9.763256854607498259e-01
-2.124081520313127747e-01,-9.771810359143520142e-01
-2.097338489740347423e-01,-9.777585144576989018e-01
-2.049480963403630118e-01,-9.787728428018667159e-01
-1.911869956158628869e-01,-9.815536321095112982e-01
-1.870069535742852618e-01,-9.823585899837514734e-01
-1.837101080317172785e-01,-9.829804658318385124e-01
-1.786508951565198011e-01,-9.839125254105631768e-01
-1.778343341490055129e-01,-9.840604400126100604e-01
-1.697782275135207020e-01,-9.854822948497615753e-01
-1.683191500650173256e-01,-9.857325518219419713e-01
-1.671527687044209454e-01,-9.859310076848450954e-01
-1.624248696257956648e-01,-9.867209137983495859e-01
-1.619825281101459624e-01,-9.867936261382428409e-01
-1.609843233093299630e-01,-9.869569634227494115e-01
-1.556795903596653874e-01,-9.878076053288082914e-01
-1.483894303652007751e-01,-9.889290050129366794e-01
-1.483089910594833916e-01,-9.889410716371924703e-01
-1.445965797371950579e-01,-9.894906917845683880e-01
-1.428824201561137708e-01,-9.897396698174486529e-01
-1.392595865641846897e-01,-9.902559101313027634e-01
-1.319238006495122850e-01,-9.912598603909127393e-01
-1.303060681905467144e-01,-9.914738163929097681e-01
-1.271797648973352901e-01,-9.918796839338321902e-01
-1.246046241554463058e-01,-9.922064742981100416e-01
-1.174707818402143528e-01,-9.930763391672631224e-01
-1.168825534257537796e-01,-9.931457439392701314e-01
-1.096398589738582924e-01,-9.939713785236399257e-01
-1.081808154724836490e-01,-9.941312343768835547e-01
-1.028743444195254347e-01,-9.946943597207407173e-01
-9.350563602213740610e-02,-9.956187503417726070e-01
-8.843702582186459271e-02,-9.960817699686002058e-01
-8.724754478942527147e-02,-9.961866621914903241e-01
-8.266264374649344437e-02,-9.965775872097611954e-01
-7.988478041178660727e-02,-9.968041040538230257e-01
-7.788005358082848717e-02,-9.969627361412450872e-01
-7.213357207982247499e-02,-9.973949808270602402e-01
-6.666526507193472340e-02,-9.977753967867184492e-01
-6.516761312557185770e-02,-9.978743318672530505e-01
-6.444651924711050639e-02,-9.979211622953597649e-01
-6.118962801210178770e-02,-9.981261590719566756e-01
-5.928486161952275374e-02,-9.982411057368673069e-01
-5.004103286405607587e-02,-9.987471627143194031e-01
-4.921351795060308759e-02,-9.987882806936317914e-01
-4.601989151857509286e-02,-9.989405235471336963e-01
-4.443940957852609425e-02,-9.990120814466274535e-01
-4.151667204494762647e-02,-9.991378112864616190e-01
-3.777597406403051389e-02,-9.992862331602084813e-01
-3.457436715443185787e-02,-9.994021278423785848e-01
-3.148901493783344552e-02,-9.995040980097305017e-01
-3.005014845718949681e-02,-9.995483923140963123e-01
-2.510155511115541582e-02,-9.996849063234871657e-01
-2.417076464808299435e-02,-9.997078443907091438e-01
-1.742269951920055390e-02,-9.998482132511316012e-01
-1.685458663797052142e-02,-9.998579513657372964e-01
-1.421877394458511724e-02,-9.998989081239778587e-01
-7.681701137643962181e-03,-9.999704952985510875e-01
-7.060951270516259773e-03,-9.999750711728541130e-01
-1.677084647173821604e-03,-9.999985936925581687e-01
2.306106668587208641e-03,-9.999973409324717233e-01
9.461096928684232382e-03,-9.999552428208516863e-01
1.120713209480157617e-02,-9.999371981230702477e-01
1.563867290786104258e-02,-9.998777084772311197e-01
1.757280716013775654e-02,-9.998455863024582335e-01
2.705261125433689254e-02,-9.996340111382335802e-01
3.085020726386073289e-02,-9.995240190769714150e-01
3.525466713557833670e-02,-9.993783610050617217e-01
3.904010060085581074e-02,-9.992376446797255340e-01
4.076669111323364542e-02,-9.991686929121061933e-01
4.333921083001544827e-02,-9.990604149923270061e-01
4.671622227148236606e-02,-9.989082012761162366e-01
5.107803023771719658e-02,-9.986946654644049959e-01
5.799705959016176332e-02,-9.983167538807029562e-01
5.999772674794745519e-02,-9.981985137161235588e-01
6.519712726056785257e-02,-9.978724039660433753e-01
6.639416167050925244e-02,-9.977934732679227814e-01
6.811153402997344175e-02,-9.976777129574906366e-01
6.832506124437778827e-02,-9.976631124813406526e-01
7.400616756897540616e-02,-9.972577837057824413e-01
8.412473873078540887e-02,-9.964552314747885386e-01
8.808429690726765626e-02,-9.961130240280711146e-01
9.258111459158997747e-02,-9.957051457238589309e-01
9.508135791207993071e-02,-9.954695049963047104e-01
9.613944057026746481e-02,-9.953678756956358953e-01
1.048433815779281492e-01,-9.944887457077187243e-01
1.074741986623102274e-01,-9.942078739488487971e-01
1.095271115817304519e-01,-9.939838086350134549e-01
1.120392840765574854e-01,-9.937037782073663283e-01
1.173563183527616960e-01,-9.930898723391975436e-01
1.193618590402579366e-01,-9.928508179008865842e-01
1.228453859501165563e-01,-9.924258214852852422e-01
1.314311874185740137e-01,-9.913252962442593574e-01
1.342377326047040076e-01,-9.909491566902620674e-01
1.364400016902697910e-01,-9.906483361611031491e-01
1.390006581199370872e-01,-9.902922886916976086e-01
1.461549441874199218e-01,-9.892617107164088930e-01
1.472154008314689733e-01,-9.891044564443284282e-01
1.505179402302951330e-01,-9.886072777745614770e-01
1.509004166522385781e-01,-9.885489690724460488e-01
1.550249194421352561e-01,-9.879105598949525779e-01
1.573344194381273153e-01,-9.875453814686537823e-01
1.584537764633084933e-01,-9.873663963922003628e-01
1.608178330139078960e-01,-9.869841055380366157e-01
1.645508402889077904e-01,-9.863686029878538930e-01
1.664903118405101079e-01,-9.860430903683893300e-01
1.686139590337306371e-01,-9.856821662275111473e-01
1.735333640279280165e-01,-9.848279908538093430e-01
1.798794548438876484e-01,-9.836886609720932872e-01
1.814165003537947241e-01,-9.834063521247873307e-01
1.819928176489468419e-01,-9.832998598210866970e-01
1.866049729357727172e-01,-9.824350279156562893e-01
1.920055194720188541e-01,-9.813938457583132324e-01
1.952950509018226699e-01,-9.807445350820331864e-01
1.982938092125503260e-01,-9.801426249419019632e-01
2.016082949742991348e-01,-9.794662298402975198e-01
2.029055008397742943e-01,-9.791983240023242052e-01
2.070025848523840695e-01,-9.783403957030694098e-01
2.101081135571437608e-01,-9.776781579934374911e-01
2.110920193083589136e-01,-9.774661934738941849e-01
2.202759484865818573e-01,-9.754375974496284352e-01
2.245612069678326328e-01,-9.744599860051529339e-01
2.255930410123630214e-01,-9.742216276837638578e-01
2.273236935086255517e-01,-9.738192534395661015e-01
2.315470538472150230e-01,-9.728237054341679624e-01
2.364005446754981477e-01,-9.716556913213239000e-01
2.390996047735614860e-01,-9.709950458149294583e-01
2.415884982716912655e-01,-9.703787907321701489e-01
2.428482482163485390e-01,-9.700642908273011678e-01
2.505731126015622867e-01,-9.680976785640816873e-01
2.566241903968855542e-01,-9.665112647575013760e-01
2.583240623215896647e-01,-9.660583206130423095e-01
2.586574498203085826e-01,-9.659691111275048314e-01
2.690064008180207411e-01,-9.631383889758149408e-01
2.696415960720662808e-01,-9.629607518833326329e-01
2.758766069509895891e-01,-9.611930595552617973e-01
2.773578428760113401e-01,-9.607666870760974698e-01
2.838453629049065841e-01,-9.588700693823842824e-01
2.861033261209527945e-01,-9.581987720627332950e-01
2.877760404739360678e-01,-9.576977344283345017e-01
2.935564421386712697e-01,-9.559417426176606281e-01
2.967518578938698193e-01,-9.549546244908899695e-01
2.976352263675839938e-01,-9.546796698501224254e-01
3.043295810006648727e-01,-9.525667987747479248e-01
3.113053842357469403e-01,-9.503099272057643487e-01
3.170766748239681743e-01,-9.483999063067174440e-01
3.175238872954954106e-01,-9.482502733966226005e-01
3.242506321082451182e-01,-9.459712086408307297e-01
3.248034584748802356e-01,-9.457815357484864460e-01
3.269621367040549953e-01,-9.450374390265756652e-01
3.295047007346245116e-01,-9.441539345857704602e-01
3.332312591894208698e-01,-9.428451240257058608e-01
3.341656863970610125e-01,-9.425143468588582651e-01
3.344936801488445077e-01,-9.423979933873455339e-01
3.407563251055860110e-01,-9.401516510119812819e-01
3.452006997201182981e-01,-9.385288897592609647e-01
3.466504466802582951e-01,-9.379943858128224621e-01
3.477279994685125164e-01,-9.375954556127169548e-01
3.517325229317666557e-01,-9.361005460483682317e-01
3.563296801786666745e-01,-9.343602940107108568e-01
3.612230542740543227e-01,-9.324794394842911283e-01
3.642032991593385782e-01,-9.313194709021469508e-01
3.644364401354594496e-01,-9.312282647672487368e-01
3.722688960715162532e-01,-9.281249210196369503e-01
3.732658746043036047e-01,-9.277244132046356118e-01
3.748193393757141001e-01,-9.270978712250154130e-01
3.793413798906349332e-01,-9.252567846293618947e-01
3.859289483938719290e-01,-9.225285073056558316e-01
3.878619561927429960e-01,-9.217174745757743537e-01
3.916349643544248527e-01,-9.201206739852773042e-01
3.989789690796183841e-01,-9.169600766839079986e-01
4.017655596164413367e-01,-9.157425594052548412e-01
4.023594113160106622e-01,-9.154817879812988668e-01
4.055926548554711908e-01,-9.140539362243751409e-01
4.079995544077759662e-01,-9.129821266613373787e-01
4.100526268598261304e-01,-9.120618636942079416e-01
4.137670527431233092e-01,-9.103827909534977225e-01
4.143635828902925700e-01,-9.101114333829208869e-01
4.176220077369354189e-01,-9.086208552822033768e-01
4.212087855470881825e-01,-9.069637032307037439e-01
4.285492508787177579e-01,-9.035184223751580035e-01
4.334882676167360338e-01,-9.011592100392991078e-01
4.395204769037389658e-01,-8.982325703192398647e-01
4.451805961264739819e-01,-8.954408058785856550e-01
4.477058741430908761e-01,-8.941808822927110878e-01
4.529223376549564861e-01,-8.915499739516368205e-01
4.534542598822512982e-01,-8.912795488479710038e-01
4.539656996439032643e-01,-8.910191600335062301e-01
4.559665252055710716e-01,-8.899969257766955355e-01
4.642753610941345310e-01,-8.856909105782339031e-01
4.651567797751917643e-01,-8.852283153114702818e-01
4.680784947121549022e-01,-8.836868918276440388e-01
4.732123695238295014e-01,-8.809483828974529196e-01
4.783497424863888958e-01,-8.781694163788761331e-01
4.853474330554537475e-01,-8.743213763980033360e-01
4.858424036627265186e-01,-8.740464282881355018e-01
4.877282607325983954e-01,-8.729955003794496182e-01
4.938576160319392283e-01,-8.695427850814791970e-01
4.957994497240195142e-01,-8.684370476052712950e-01
4.965058345980046806e-01,-8.680333842716757564e-01
5.012035536527169599e-01,-8.653294157752322580e-01
5.043148896917847290e-01,-8.635198272391744201e-01
5.053474017627935799e-01,-8.629159886869713914e-01
5.098998377845971319e-01,-8.602337795199966886e-01
5.120650805958122387e-01,-8.589466533111468349e-01
5.135346892410518338e-01,-8.580688334545810703e-01
5.192372370712377005e-01,-8.546301490344277996e-01
5.261196254748747858e-01,-8.504105712478949863e-01
5.274622953417518190e-01,-8.495784407533067961e-01
5.316230788281038899e-01,-8.469810517699544183e-01
5.325137963966070087e-01,-8.464213233652052581e-01
5.334599268432828056e-01,-8.458253403938382764e-01
5.376427955355458366e-01,-8.431727132733390917e-01
5.395071116644851728e-01,-8.419810428171455863e-01
5.423892944901200774e-01,-8.401272839412630145e-01
5.448161541848763889e-01,-8.385555188174466101e-01
5.489399571027582247e-01,-8.358617849238036968e-01
5.531224165571456686e-01,-8.330999893782133903e-01
5.542624521955609174e-01,-8.323419574226446072e-01
5.591043347305058031e-01,-8.290973060416779727e-01
5.626828542220688734e-01,-8.266728528048478131e-01
5.641620856620963576e-01,-8.256640606817013950e-01
5.657514937429339863e-01,-8.245757984125265949e-01
5.699385089565502938e-01,-8.216873468713025153e-01
5.743949694206407219e-01,-8.185782913712394970e-01
5.776845917435210476e-01,-8.162600764842700141e-01
5.791638308207330832e-01,-8.152111732974767211e-01
5.795145708954774211e-01,-8.149618777095273270e-01
5.842021231864488184e-01,-8.116082055181800259e-01
5.887194329678520077e-01,-8.083374476331108838e-01
5.903360772433635661e-01,-8.071575533344926834e-01
5.909083562848895799e-01,-8.067386903283363386e-01
5.965901175295502679e-01,-8.025460931722795399e-01
5.984379536781212483e-01,-8.011691554207125421e-01
6.015535979721087223e-01,-7.988324409829655748e-01
6.048785709082884487e-01,-7.963177220531685307e-01
6.072141390451079035e-01,-7.945382239664235957e-01
6.114999653011728986e-01,-7.912444580764288471e-01
6.167720380693587634e-01,-7.871418252486436229e-01
6.193773915179119349e-01,-7.850934000973902593e-01
6.211987999409552819e-01,-7.836530169353830289e-01
6.236439928436628977e-01,-7.817084943826767551e-01
6.242816190357939332e-01,-7.811993728454125208e-01
6.256416355916989414e-01,-7.801105971682157358e-01
6.274889089840146594e-01,-7.786254999048375369e-01
6.316759753727688720e-01,-7.752325213359324563e-01
6.375520052852384767e-01,-7.704073211988372583e-01
6.398067810844749737e-01,-7.685358045519570247e-01
6.448154086769009030e-01,-7.643383339417638700e-01
6.449481906118418317e-01,-7.642262959532963862e-01
6.460234423613304688e-01,-7.633175695080089973e-01
6.475879067544421108e-01,-7.619907499605251822e-01
6.512236662190450387e-01,-7.588858521254989720e-01
6.522800587577307629e-01,-7.579780504388085038e-01
6.537216267165243400e-01,-7.567351153231344218e-01
6.611929028114772455e-01,-7.502159324299579879e-01
6.619121007761913367e-01,-7.495814637823191573e-01
6.630685605301892549e-01,-7.485586710715690373e-01
6.686059361595608763e-01,-7.436169054911386800e-01
6.727821393421902219e-01,-7.398406537776519576e-01
6.753185699406818454e-01,-7.375261548536982126e-01
6.763605216691097599e-01,-7.365707330104189765e-01
6.782009300551232744e-01,-7.348765192005897173e-01
6.815071676811421675e-01,-7.318114377346358612e-01
6.840382713792402258e-01,-7.294461208948286313e-01
6.866177890599456379e-01,-7.270185773048947198e-01
6.925549283506644560e-01,-7.213651441657071839e-01
6.928260312551538513e-01,-7.211047707616636826e-01
6.939444233794009875e-01,-7.200285669753896389e-01
6.972723139239241918e-01,-7.168063338414260022e-01
6.980497450798965886e-01,-7.160492674348102327e-01
7.028490356473634515e-01,-7.113390422924757983e-01
7.047386138866993388e-01,-7.094670437004596542e-01
7.081191572266847256e-01,-7.060929536318913957e-01
7.097607771047297343e-01,-7.044427863806368428e-01
7.106817914620527921e-01,-7.035136041927638750e-01
7.113894828896841771e-01,-7.027979820929702859e-01
7.158023038596781351e-01,-6.983029870974265529e-01
7.185815726721294094e-01,-6.954426816180078186e-01
7.192392698313211374e-01,-6.947624577742349539e-01
7.210656693703042519e-01,-6.928667263302246138e-01
7.218408490197669725e-01,-6.920590933485684104e-01
7.223218040506310667e-01,-6.915570919259288463e-01
7.265619452732732242e-01,-6.871009676028131397e-01
7.273190229985907473e-01,-6.862995255603675515e-01
7.306395906158965614e-01,-6.827633474525709456e-01
7.313841785646756355e-01,-6.819656760756249714e-01
7.320269376079479029e-01,-6.812756876744814338e-01
7.337237027431433578e-01,-6.794479582962134057e-01
7.359476317824719116e-01,-6.770384651360520367e-01
7.383579366385046860e-01,-6.744090430910112399e-01
7.428335132019379117e-01,-6.694761920069061123e-01
7.468653056200096341e-01,-6.649753493635128798e-01
7.487481171805324687e-01,-6.628546273645588016e-01
7.514188547386569939e-01,-6.598255108308823669e-01
7.529854917968933359e-01,-6.580371183629200038e-01
7.550044904709443117e-01,-6.557196194782528575e-01
7.597009322956802535e-01,-6.502726301091389383e-01
7.610925365131615550e-01,-6.486433155933724048e-01
7.613707148948675174e-01,-6.483167701829710694e-01
7.630635850743748838e-01,-6.463234214643904796e-01
7.667221694704565715e-01,-6.419790610623833382e-01
7.702019066119586421e-01,-6.378001435021042331e-01
7.718282592880741921e-01,-6.358310610251293182e-01
7.748993910579338174e-01,-6.320845938148271781e-01
7.785183968903449658e-01,-6.276217855550370039e-01
7.810438983202994123e-01,-6.244761235600743143e-01
7.852960725332940317e-01,-6.191204070807134752e-01
7.869734097587274269e-01,-6.169869142313515464e-01
7.871429405093921527e-01,-6.167706147395592975e-01
7.905829904658958629e-01,-6.123549094977636109e-01
7.925016909949692545e-01,-6.098697154065888526e-01
7.938420548478345440e-01,-6.081239938984277504e-01
7.980366387655760674e-01,-6.026089305575733635e-01
7.998833480987296296e-01,-6.001555043773048048e-01
8.002272913865831061e-01,-5.996968251709252629e-01
8.036175870896022921e-01,-5.951460104212235036e-01
8.052976745008664228e-01,-5.928706903225084979e-01
8.105846250327967129e-01,-5.856215208310321385e-01
8.132005483135863466e-01,-5.819835635329279055e-01
8.154577499787101225e-01,-5.788166013511272245e-01
8.174677961232202916e-01,-5.759743069803023863e-01
8.208061238623496347e-01,-5.712068863643632310e-01
8.225001419743194209e-01,-5.687649043780943492e-01
8.227619165553384795e-01,-5.683861615716794269e-01
8.231824280117611137e-01,-5.677769722458427815e-01
8.241545599579068737e-01,-5.663649541599388160e-01
8.262811835376703273e-01,-5.632578501286872319e-01
8.313318147097222832e-01,-5.557764063465032711e-01
8.322533531110387628e-01,-5.543954872069521977e-01
8.330885104429969212e-01,-5.531397054703854899e-01
8.373946357975832200e-01,-5.465987778411494080e-01
8.402311369368176130e-01,-5.422283988522470510e-01
8.415020754133595293e-01,-5.402538820545460529e-01
8.439781146228636510e-01,-5.363776114246688875e-01
8.444820495671307992e-01,-5.355838570746046523e-01
8.460623875325786747e-01,-5.330838924622183228e-01
8.473618755698970606e-01,-5.310158677767183866e-01
8.501588320503193907e-01,-5.265263149044370206e-01
8.514861104974240646e-01,-5.243771578072125017e-01
8.549875777433798563e-01,-5.186484762384799829e-01
8.553577657774432685e-01,-5.180377327224433559e-01
8.582301714881145349e-01,-5.132650121988460157e-01
8.613223749190654921e-01,-5.080588218541067791e-01
8.620555583594087246e-01,-5.068137866136431802e-01
8.631529645696354169e-01,-5.049425311405751904e-01
8.680629803758115326e-01,-4.964540886135023756e-01
8.694440938668037688e-01,-4.940313427710245064e-01
8.739486152589696077e-01,-4.860183308137108749e-01
8.758916251641504225e-01,-4.825078869482842814e-01
8.774703178694646111e-01,-4.796309427654356083e-01
8.777570510864860509e-01,-4.791060000333534075e-01
8.806888052475910778e-01,-4.736952905735686281e-01
8.821484951358964377e-01,-4.709713712419053011e-01
8.833841607155130671e-01,-4.686495754793302826e-01
8.854690934701892058e-01,-4.646982725479849030e-01
8.859394086963970905e-01,-4.638009962458992108e-01
8.863763562516850936e-01,-4.629653929593331441e-01
8.899130797612078148e-01,-4.561301464164974617e-01
8.932319341914225497e-01,-4.495961651756861244e-01
8.945522650782053997e-01,-4.469633598444903155e-01
8.959549269266040561e-01,-4.441449863681523613e-01
8.962465226035490895e-01,-4.435562768364846864e-01
8.968128566115344258e-01,-4.424101041073364438e-01
8.979560280812863837e-01,-4.400851867905493653e-01
9.004073411133759475e-01,-4.350478365296652217e-01
9.008165023704024499e-01,-4.341999873988409142e-01
9.024968093200527175e-01,-4.306965395346463166e-01
9.040365217710135681e-01,-4.274552225721142684e-01
9.046460960089585113e-01,-4.261636316906725619e-01
9.061270542365470471e-01,-4.230056283084187019e-01
9.070854055721377929e-01,-4.209466320070061052e-01
9.073471521263598571e-01,-4.203821422565303112e-01
9.091102869635031558e-01,-4.165555018687727706e-01
9.105670520662130230e-01,-4.133613959859410714e-01
9.130793420703587904e-01,-4.077819455105553548e-01
9.146074055113541101e-01,-4.043430397370649798e-01
9.155267721074410447e-01,-4.022570441329030300e-01
9.183028992194843809e-01,-3.958784981343335674e-01
9.208374241238265201e-01,-3.899467121709979112e-01
9.219028645815238177e-01,-3.874210994207484826e-01
9.235203360480441770e-01,-3.835494608335611733e-01
9.248261879677190933e-01,-3.803899604998608464e-01
9.264621397302009731e-01,-3.763879695826238825e-01
9.283411220626465177e-01,-3.717294191847920204e-01
9.286636007594111231e-01,-3.709230602491306872e-01
9.302641745752178171e-01,-3.668903998497188290e-01
9.313198373702429311e-01,-3.642023620470611900e-01
9.332350122580754803e-01,-3.592664914734817194e-01
9.338221284238890085e-01,-3.577376587191696267e-01
9.342790735115127365e-01,-3.565425820269638169e-01
9.354583942980453370e-01,-3.534368296277796695e-01
9.377457159885695948e-01,-3.473225764978377650e-01
9.402519464861003318e-01,-3.404794812159979700e-01
9.430584379380774207e-01,-3.326270924530768669e-01
9.436353012402002305e-01,-3.309870363825693773e-01
9.446816786286381662e-01,-3.279886066060421768e-01
9.460204843129224050e-01,-3.241068392680832577e-01
9.469273388660792712e-01,-3.214476861139657915e-01
9.484181143830154870e-01,-3.170222079132127280e-01
9.499753619601978283e-01,-3.123248495855026619e-01
9.505709703279083822e-01,-3.105073757092761122e-01
9.507955542559577422e-01,-3.098190020109957143e-01
9.517377401134636816e-01,-3.069124859690857132e-01
9.520155838416792804e-01,-3.060495517438421298e-01
9.527565124070831448e-01,-3.037351281394445879e-01
9.531498185825165725e-01,-3.024986336103205331e-01
9.540767062987176583e-01,-2.995624116911266288e-01
9.563869622043306151e-01,-2.921026848996469139e-01
9.575610333447940326e-01,-2.882305802992485289e-01
9.594507432934654689e-01,-2.818763402515653826e-01
9.605764813712578398e-01,-2.780158690370413965e-01
9.621451587818152795e-01,-2.725375083042737012e-01
9.623266681640636477e-01,-2.718959060748007417e-01
9.632737865570387692e-01,-2.685211576990919058e-01
9.645272277457145327e-01,-2.639833838277719225e-01
9.653379554130866458e-01,-2.610031261094055699e-01
9.655873007329948132e-01,-2.600791507660288326e-01
9.657147558692970035e-01,-2.596054897268295081e-01
9.677843621954985709e-01,-2.517805161045011397e-01
9.681814975529772216e-01,-2.502490515388389181e-01
9.691462420140223299e-01,-2.464864328722754516e-01
9.694928104624547238e-01,-2.451197471882313184e-01
9.696324494710876207e-01,-2.445667862419381722e-01
9.697423877940186676e-01,-2.441305005843480702e-01
9.714219934964765102e-01,-2.373590330097875289e-01
9.732637608757789272e-01,-2.296903388606979513e-01
9.736208326457670426e-01,-2.281720277294434496e-01
9.752121236872610677e-01,-2.212720357690539374e-01
9.752956231323113290e-01,-2.209037063947673352e-01
9.758622697089434084e-01,-2.183868827528510359e-01
9.767850114273903817e-01,-2.142219443726680606e-01
9.779980805001304844e-01,-2.086138886509307788e-01
9.789323617402629907e-01,-2.041847965388863539e-01
9.796102408710115617e-01,-2.009073815982197475e-01
9.807245132685998845e-01,-1.953955707636880479e-01
9.818084096718356912e-01,-1.898742918292424808e-01
9.821753045894764389e-01,-1.879672073915859276e-01
9.823580492742755021e-01,-1.870097939308143220e-01
9.834054390339938001e-01,-1.814214498849456847e-01
9.837857011024309095e-01,-1.793479698976239434e-01
9.842872913249076650e-01,-1.765744266202832202e-01
9.856635855142916736e-01,-1.687225420359833861e-01
9.857982324563322463e-01,-1.679340492156596865e-01
9.865362229738315891e-01,-1.635429018958283187e-01
9.870232987903523325e-01,-1.605771080976990950e-01
9.872808862237576477e-01,-1.589856965176416614e-01
9.878101007337511952e-01,-1.556637558597932236e-01
9.878884604189487328e-01,-1.551656849019246442e-01
9.889779472597878263e-01,-1.480628914813466590e-01
9.891777041327076692e-01,-1.467224238033783823e-01
9.896462259872267353e-01,-1.435282111267302818e-01
9.906712475405047291e-01,-1.362735458426852786e-01
9.907950299512863213e-01,-1.353706342743946911e-01
9.908885489445353745e-01,-1.346843850288083622e-01
9.917914993918665045e-01,-1.278656393798736635e-01
9.920141778940732014e-01,-1.261264082463897651e-01
9.922383642040369933e-01,-1.243504266244920553e-01
9.929947536974942368e-01,-1.181584492504105938e-01
9.935544769878038585e-01,-1.133556406073003009e-01
9.943401388362542725e-01,-1.062435329754934515e-01
9.949697779915448459e-01,-1.001755503276828829e-01
9.959386818624709203e-01,-9.003411558978956231e-02
9.960936982165309317e-01,-8.830257285783989218e-02
9.961613305129074503e-01,-8.753629870377775679e-02
9.964350941857407218e-01,-8.436292476591319978e-02
9.965488160426612119e-01,-8.300877811387967486e-02
9.967538736072457661e-01,-8.050910165296354393e-02
9.969006573725123221e-01,-7.867070185438425345e-02
9.970262069529779447e-01,-7.706323798647733703e-02
9.970845510434442893e-01,-7.630463990157708432e-02
9.977674082546981182e-01,-6.678472149142260228e-02
9.977893708199165879e-01,-6.645578589408315806e-02
9.979633148155805378e-01,-6.379045604414614046e-02
9.980988942795487873e-01,-6.163276107680341898e-02
9.984169623735762444e-01,-5.624561533785710915e-02
9.985040251145402834e-01,-5.467825737957641291e-02
9.987604551262654340e-01,-4.977502662964838898e-02
9.989509332686913323e-01,-4.579337202727400136e-02
9.990666208071269372e-01,-4.319591634675387648e-02
9.993579874370693839e-01,-3.582754451144144064e-02
9.994117944866546255e-01,-3.429380470231224720e-02
9.995522449565176215e-01,-2.992172458916061636e-02
9.996963534862984835e-01,-2.464144529445027806e-02
9.997093669901547797e-01,-2.410770731811547399e-02
9.997924618566670363e-01,-2.037236399158252539e-02
9.998085737496581471e-01,-1.956568058325957801e-02
9.998740848538190118e-01,-1.586866212801163467e-02
9.998930481140628768e-01,-1.462505839851169220e-02
9.999614603673959712e-01,-8.779395190076940900e-03
9.999656658913018692e-01,-8.286557703279974138e-03
9.999910057557763743e-01,-4.241274285718497211e-03
9.999984316759914504e-01,1.771057752736080642e-03
9.999787648921938388e-01,6.516883049970380488e-03
9.999388197393079825e-01,1.106149982458632178e-02
9.999033691199727958e-01,1.390152590654083337e-02
9.997915135239004991e-01,2.041885123119521056e-02
9.996940488881403963e-01,2.473476536477027532e-02
9.996745264083138904e-01,2.551159050943397136e-02
9.995365296232980867e-01,3.044217384835220044e-02
9.993189887785102199e-01,3.689930442018574119e-02
9.992073184969750832e-01,3.980872595399261027e-02
9.991298237544565808e-01,4.170845579007020215e-02
9.990091523881108326e-01,4.450520694029541646e-02
9.985728781467620996e-01,5.340605798668261739e-02
9.983655353074464278e-01,5.715118467947133407e-02
9.979855301663109746e-01,6.344195440444418133e-02
9.978001588723167670e-01,6.629361171614800430e-02
9.975807616700619329e-01,6.951707664874479109e-02
9.974990127666000239e-01,7.068040414195798926e-02
9.973343017969582558e-01,7.296773574096611370e-02
9.969314496805322667e-01,7.827952885567561470e-02
9.966572786415462959e-01,8.169619899862194667e-02
9.965789681165401204e-01,8.264599390031827919e-02
9.965431425386732656e-01,8.307686235745807835e-02
9.963833129678574263e-01,8.497231101472121906e-02
9.958119768969360130e-01,9.142486898326646072e-02
9.949323172397485093e-01,1.005469249253601038e-01
9.946164962976837831e-01,1.036244435088735372e-01
9.944705905715125471e-01,1.050154488078827997e-01
9.941255137963399546e-01,1.082333720215627598e-01
9.939919250993790589e-01,1.094534277088229784e-01
9.936663616549179512e-01,1.123706443671145527e-01
9.931604978961928731e-01,1.167571214897702020e-01
9.928680148475504952e-01,1.192187279444404252e-01
9.924367327314322917e-01,1.227572055943858126e-01
9.918955017108489480e-01,1.270563405964565407e-01
9.914676516111208260e-01,1.303529662444826154e-01
9.911513193592417226e-01,1.327368152866003348e-01
9.895678249011958805e-01,1.440677615579492032e-01
9.893021669318607936e-01,1.458808503674582924e-01
9.891578018245630322e-01,1.468565391448025947e-01
9.882799980268730522e-01,1.526520406022034704e-01
9.879688064827270022e-01,1.546532813007728824e-01
9.872201761895005312e-01,1.593622405853175883e-01
9.870611266057082167e-01,1.603444178756139316e-01
9.861085188740232876e-01,1.661023449686251652e-01
9.858044387000001185e-01,1.678976135606697340e-01
9.854507197266417773e-01,1.699614044135759339e-01
9.842077882714647119e-01,1.770170316827867352e-01
9.840135108187137991e-01,1.780938250648174126e-01
9.834858058248787671e-01,1.809852749286242624e-01
9.833463573487731813e-01,1.817414137968688670e-01
9.823444740918347851e-01,1.870810899616308365e-01
9.816574035653401475e-01,1.906534605648512737e-01
9.801584388962386596e-01,1.982156266808700051e-01
9.795322359713769522e-01,2.012873535345056919e-01
9.788270882336136403e-01,2.046888647193778610e-01
9.785502201919985543e-01,2.060084138140880761e-01
9.775914291585375837e-01,2.105112767425806886e-01
9.759717644285921256e-01,2.178970285206690560e-01
9.758113153254865946e-01,2.186144480192416806e-01
9.754029018182230892e-01,2.204295332404005714e-01
9.745887948362557118e-01,2.240015200386522576e-01
9.736100748654350490e-01,2.282179268167368602e-01
9.729249208298273999e-01,2.311213932726436382e-01
9.726004577316249566e-01,2.324830093151685206e-01
9.721471174770147661e-01,2.343714615330012574e-01
9.706007688306167447e-01,2.406951340293885522e-01
9.694366023881344496e-01,2.453419530984211061e-01
9.682633053745884899e-01,2.499323337727148986e-01
9.676198598173479937e-01,2.524119784935875410e-01
9.670432072373189580e-01,2.546123236140732105e-01
9.660177734271589989e-01,2.584756495742420723e-01
9.646692535505080324e-01,2.634639088268321827e-01
9.639326459929709046e-01,2.661463018510508705e-01
9.626076204437340467e-01,2.708995553035387638e-01
9.610695014672400172e-01,2.763067377924962043e-01
9.594771338434013863e-01,2.817864965388683363e-01
9.585694312596025890e-01,2.848589922306280497e-01
9.582765636381448404e-01,2.858426622844697507e-01
9.547964895485301362e-01,2.972602623052927884e-01
9.545189714495503353e-01,2.981501855489957498e-01
9.542942308625285142e-01,2.988687353044438000e-01
9.535445651427734148e-01,3.012519913406411787e-01
9.522970754510606817e-01,3.051725415029343802e-01
9.513852136111577984e-01,3.080035313466885638e-01
9.489247906860724946e-01,3.155023638919016160e-01
9.474594604021259192e-01,3.198758679464931420e-01
9.465250853211421012e-01,3.226302261999030585e-01
9.459820482363643368e-01,3.242190068680677051e-01
9.458520460278884157e-01,3.245980699648072787e-01
9.456940152044229775e-01,3.250581941845995249e-01
9.426258223677534964e-01,3.338511030466845275e-01
9.418899258431066013e-01,3.359216688385499583e-01
9.415948878379893916e-01,3.367477797957500463e-01
9.397953152081802708e-01,3.417378608126010464e-01
9.375757768646277857e-01,3.477810556035254019e-01
9.366639706454004122e-01,3.502293621254288225e-01
9.355335489166629603e-01,3.532378502530396647e-01
9.331625240973798752e-01,3.594547309748568065e-01
9.325933190146530327e-01,3.609289422160963934e-01
9.306630032636095118e-01,3.658775401091706736e-01
9.290792096866362648e-01,3.698808215196572324e-01
9.274432216050364497e-01,3.739639965275714517e-01
9.266368606708426103e-01,3.759576152255784676e-01
9.264862616663609440e-01,3.763285890594940675e-01
9.228591027473729280e-01,3.851377370192264893e-01
9.222031571334629030e-01,3.867057498577873842e-01
9.215494892560853746e-01,3.882609159467883542e-01
9.204397632135650209e-01,3.908844359850449091e-01
9.200651132835184765e-01,3.917654748935457398e-01
9.186303717299960647e-01,3.951180078599368373e-01
9.175535192897276149e-01,3.976122976456193392e-01
9.162770553286089248e-01,4.005450759631509761e-01
9.136302827840026008e-01,4.065460691975952834e-01
9.118315682435153002e-01,4.105644786809438118e-01
9.085855144294794350e-01,4.176988903132508590e-01
9.085297512336049097e-01,4.178201660085409941e-01
9.066837117547185132e-01,4.218111506808379652e-01
9.056279513211321630e-01,4.240731231590781913e-01
9.043329520941185695e-01,4.268277307728892689e-01
9.029519540391158783e-01,4.297415138160712300e-01
9.019772014488571799e-01,4.317836588692229860e-01
9.005953078724595606e-01,4.346585918144406646e-01
8.976766321531182147e-01,4.406548128481636017e-01
8.959247783443686775e-01,4.442057986436002692e-01
8.947758672933190383e-01,4.465155622254273204e-01
8.945554376138246111e-01,4.469570102767448927e-01
8.899796529654192545e-01,4.560002382757711303e-01
8.886573152075186721e-01,4.585718876339520689e-01
8.872833162266507978e-01,4.612248006621628149e-01
8.854605509333564051e-01,4.647145497408222137e-01
8.850951428975589730e-01,4.654101288317202822e-01
8.840764795113431607e-01,4.673422497215937721e-01
8.802425644590550213e-01,4.745240011996884055e-01
8.782001604032286801e-01,4.782932973268039234e-01
8.777685631544601685e-01,4.790849084846498518e-01
8.768350670142310843e-01,4.807912907428171234e-01
8.744075680140726003e-01,4.851921320463936094e-01
8.725216620396482048e-01,4.885754284361519262e-01
8.701220588574591908e-01,4.928362838607249774e-01
8.697463547173960308e-01,4.934990156584103671e-01
8.693913179010615000e-01,4.941242114673713992e-01
8.673771097883022918e-01,4.976514336513951919e-01
8.659420328739592110e-01,5.001443748580188808e-01
8.633921078846910069e-01,5.045335152816069479e-01
8.627746260438207138e-01,5.055887109647084765e-01
8.619360576522869799e-01,5.070169943096860532e-01
8.584017361967609672e-01,5.129780300309001451e-01
8.559554159355636793e-01,5.170496358480246579e-01
8.550149133094224752e-01,5.186034111134341096e-01
8.524386111195082494e-01,5.228273273965587942e-01
8.511917438704474925e-01,5.248548515225875954e-01
8.491743350763483189e-01,5.281126287522829310e-01
8.485077280580780590e-01,5.291829886019713269e-01
8.462968678192169802e-01,5.327115650325167096e-01
8.434200188439294754e-01,5.372547550401945982e-01
8.412461673399269646e-01,5.406522782120470882e-01
8.378529006142716451e-01,5.458960678849523740e-01
8.368803082342503030e-01,5.473859239053657788e-01
8.333028954310036651e-01,5.528166825144671392e-01
8.324687396675267692e-01,5.540720147023852071e-01
8.279988659791557293e-01,5.607297726509985480e-01
8.269924757916371494e-01,5.622129889855125295e-01
8.250999942210519578e-01,5.649867250975185717e-01
8.238616312986813961e-01,5.667909777633076684e-01
8.225526865037110502e-01,5.686889113790997152e-01
8.214504724885101083e-01,5.702798622153973929e-01
8.209978363358489961e-01,5.709313029882462365e-01
8.173459154987433584e-01,5.761472506378259029e-01
8.169891994287570292e-01,5.766529701794312901e-01
8.167539983459539688e-01,5.769860537187203597e-01
8.127084250123552955e-01,5.826705895391829371e-01
8.106739958494592058e-01,5.854977988459639793e-01
8.095172778419433834e-01,5.870960542154612938e-01
8.091580879190395370e-01,5.875910046581783730e-01
8.055447073099795130e-01,5.925349985653795004e-01
8.033892126808039880e-01,5.954542576454739944e-01
8.021436573089328892e-01,5.971311020530215563e-01
7.982646814644058786e-01,6.023068141126474151e-01
7.975488260529360884e-01,6.032543991232752756e-01
7.954496469481443510e-01,6.060196854641578534e-01
7.948404485960166577e-01,6.068184747316811567e-01
7.923996597636970840e-01,6.100022780337609474e-01
7.902107494733117132e-01,6.128351910724623153e-01
7.857172423976468423e-01,6.185858186210319021e-01
7.820797672606594197e-01,6.231783353435094153e-01
7.795419319094291088e-01,6.263500430230051208e-01
7.786832140585545625e-01,6.274172870932370749e-01
7.756474747045062346e-01,6.311663766270424469e-01
7.740727163241937214e-01,6.330966986507464700e-01
7.710620120345564876e-01,6.367600596749227737e-01
7.700178175263652225e-01,6.380223825947882732e-01
7.666053842008222485e-01,6.421185131378029931e-01
7.642893325815298677e-01,6.448734884472142603e-01
7.603532365748911781e-01,6.495097810118797277e-01
7.589802751976947315e-01,6.511136167066781111e-01
7.565951409616787915e-01,6.538836231877780403e-01
7.556783423869928296e-01,6.549429309850267611e-01
7.527914896431737724e-01,6.582590471241669405e-01
7.521311020610852438e-01,6.590135092032517461e-01
7.495503475799468740e-01,6.619473366082653243e-01
7.474301964445978497e-01,6.643403506056083652e-01
7.467195709397782544e-01,6.651389947789183577e-01
7.428228642214409483e-01,6.694880076520122181e-01
7.414527483496257121e-01,6.710050834120290242e-01
7.371169395444117090e-01,6.757652088090109199e-01
7.369933126752529207e-01,6.759000348216958054e-01
7.351183796943898674e-01,6.779387640749680033e-01
7.335865045129607021e-01,6.795960862133105795e-01
7.316407751612316046e-01,6.816903814206828338e-01
7.278063016749781733e-01,6.857827551361856955e-01
7.275875196213108520e-01,6.860148695846868261e-01
7.256160527842451247e-01,6.880998066718204687e-01
7.227834499616135888e-01,6.910745867571534973e-01
7.190180676896454903e-01,6.949913800442705236e-01
7.178614300751590127e-01,6.961860148052769759e-01
7.172174015830702354e-01,6.968494807821992154e-01
7.089825448841664546e-01,7.052260283409675923e-01
7.077296671267966355e-01,7.064833460659771802e-01
7.068239526895919722e-01,7.073894966030089826e-01
7.034037136758016784e-01,7.107905567655591339e-01
7.023802250601692831e-01,7.118019524027959788e-01
7.014309928310920039e-01,7.127373725966643647e-01
7.000904726274940204e-01,7.140541507030168100e-01
6.967084941435194301e-01,7.173543574749298157e-01
6.930435120104796454e-01,7.208957556125379362e-01
6.900516361906547935e-01,7.237601394043463587e-01
6.883382285741812545e-01,7.253898834994566558e-01
6.846226179374262921e-01,7.288977095645896576e-01
6.825509852949059875e-01,7.308379796322611588e-01
6.812537471792590171e-01,7.320473563603800971e-01
6.750177184109984463e-01,7.378015179106197641e-01
6.735691003669772581e-01,7.391242568275218083e-01
6.700625789512617558e-01,7.423046142179042794e-01
6.644410612431278507e-01,7.473406693965685132e-01
6.620419153884594676e-01,7.494668119862182287e-01
6.610997470339067261e-01,7.502980237690377585e-01
6.580045558366267588e-01,7.530139470808209223e-01
6.508321810190934587e-01,7.592216225516399408e-01
6.496375608530741141e-01,7.602440657636784227e-01
6.461637318108512940e-01,7.631988153111011197e-01
6.457716197647643819e-01,7.635306248647791838e-01
6.426232177251859357e-01,7.661823542999149916e-01
6.386868865383155125e-01,7.694667380491513331e-01
6.372117710071877328e-01,7.706887561719696356e-01
6.343279000261936584e-01,7.730641081103012402e-01
6.329385656537023230e-01,7.742020228004189430e-01
6.317897607553583095e-01,7.751397926856082865e-01
6.272818798650441341e-01,7.787922978516050865e-01
6.245279379516306406e-01,7.810024678052468472e-01
6.192166206231859427e-01,7.852202090777006260e-01
6.169621443210554501e-01,7.869928287314732485e-01
6.165695862142364092e-01,7.873004162043993892e-01
6.158375354957400516e-01,7.878731686474277351e-01
6.113741842523972014e-01,7.913416498767917862e-01
6.076542891011375014e-01,7.942016525650210657e-01
6.033022292600416225e-01,7.975126457742743868e-01
6.014590443627196859e-01,7.989036349612543830e-01
5.967024881033714534e-01,8.024625478433512482e-01
5.965732556985769985e-01,8.025586275065553776e-01
5.932440151006279638e-01,8.050226944299611054e-01
5.899507273667117246e-01,8.074392480425248708e-01
5.837937893842807258e-01,8.119019715928316172e-01
5.819350812754615632e-01,8.132352434449195977e-01
5.811249678100363081e-01,8.138143349608536470e-01
5.780379202087513324e-01,8.160099036168223519e-01
5.748059903458877518e-01,8.182897246467700780e-01
5.715221380858963585e-01,8.205866472699431258e-01
5.700066942697851191e-01,8.216400480062031608e-01
5.661612140770029278e-01,8.242945345414197655e-01
5.653215145453788226e-01,8.248706475515508174e-01
5.621522402944197916e-01,8.270337712161296428e-01
5.583908900534402253e-01,8.295779733728029237e-01
5.568884678370084051e-01,8.305872828247188311e-01
5.522944998866912147e-01,8.336490780867593653e-01
5.497835133259706408e-01,8.353071821042533651e-01
5.452891336112960508e-01,8.382480305765396267e-01
5.425583321894897892e-01,8.400181284780381397e-01
5.398764061573725348e-01,8.417442996983073300e-01
5.357251344515706615e-01,8.443924326501546229e-01
5.335767677306026968e-01,8.457516378572110805e-01
5.299706156979333560e-01,8.480160060380702580e-01
5.289631705312896059e-01,8.486447809428184774e-01
5.288276118283589122e-01,8.487292601106068979e-01
5.228304176121947311e-01,8.524367157856773680e-01
5.209481593820495249e-01,8.535883171860283447e-01
5.205696206393167769e-01,8.538192256370491506e-01
5.161329788071747915e-01,8.565084635820278125e-01
5.144779067875024925e-01,8.575036346439380841e-01
5.089933388379226376e-01,8.607704577984960359e-01
5.052037668818906146e-01,8.630000891821204556e-01
5.036129954873173054e-01,8.639293667750144179e-01
4.985344173164243942e-01,8.668699064744181948e-01
4.962609485017891453e-01,8.681734106686863628e-01
4.906576674452597375e-01,8.713524277679998153e-01
4.876728553874583039e-01,8.730264521297408375e-01
4.815233547449638829e-01,8.764332597723397678e-01
4.786161513109984944e-01,8.780242477883171137e-01
4.742886213604245449e-01,8.803694131715581461e-01
4.730232968256580794e-01,8.810499195052499122e-01
4.686556022656256371e-01,8.833809633816301909e-01
4.672865734206895771e-01,8.841059089841906138e-01
4.652338346969883687e-01,8.851878213425379283e-01
4.611092111411839722e-01,8.873433920420960019e-01
4.586342645346827562e-01,8.886251242198222045e-01
4.582394324550984610e-01,8.888287925935175471e-01
4.490973195802692719e-01,8.934828468111770672e-01
4.474717750398450877e-01,8.942980546454909474e-01
4.463800798172832818e-01,8.948434635970217155e-01
4.433983097438390364e-01,8.963246838709262310e-01
4.392249814871205804e-01,8.983771010202998841e-01
4.381224296854808742e-01,8.989153111425518539e-01
4.366729336426286023e-01,8.996203360440097052e-01
4.290941998784289502e-01,9.032597453837343249e-01
4.280984364376623774e-01,9.037321111477845115e-01
4.268384344408207576e-01,9.043279000916186749e-01
4.255237799838299528e-01,9.049472430303731052e-01
4.232121524274359281e-01,9.060306142938783225e-01
4.192400843091649287e-01,9.078754053880057073e-01
4.165107110592333184e-01,9.091308088349741023e-01
4.132344524557114429e-01,9.106246687322060440e-01
4.104816142148367542e-01,9.118688745601490897e-01
4.060976918498179211e-01,9.138296693991907471e-01
4.003231016183337321e-01,9.163740580738231056e-01
3.971129308305269556e-01,9.177697533516750994e-01
3.938919082628996038e-01,9.191567682419632401e-01
3.891759634828409475e-01,9.211634325390900546e-01
3.877260638943276216e-01,9.217746467423678647e-01
3.822988119810533658e-01,9.240387537099704618e-01
3.749666882234893306e-01,9.270382854676101347e-01
3.710936446309626158e-01,9.285954484674757703e-01
3.695414493128021949e-01,9.292142472217035376e-01
3.655980110456389931e-01,9.307728478632626423e-01
3.648564454112568356e-01,9.310637863443517181e-01
3.620633186413736437e-01,9.321535030746722628e-01
3.593484423190486665e-01,9.332034595965036372e-01
3.583907535718913739e-01,9.335716725319760378e-01
3.566071281527065095e-01,9.342544386572116943e-01
3.531295092504727062e-01,9.355744490400230706e-01
3.486283372678359860e-01,9.372610535245080587e-01
3.445093340230206969e-01,9.387828922445426993e-01
3.419095032006367330e-01,9.397328831221661849e-01
3.393925212514826706e-01,9.406448407972951564e-01
3.377030033809507170e-01,9.412527192563548972e-01
3.362794412001900435e-01,9.417622510092827914e-01
3.276052672428069190e-01,9.448146849381466872e-01
3.256486870701843506e-01,9.454908421605729973e-01
3.251614990008262485e-01,9.456585004998079302e-01
3.211574142485480454e-01,9.470258260856375676e-01
3.200986340998879798e-01,9.473842221862214252e-01
3.121987842159321680e-01,9.500167993957209234e-01
3.085737306961547355e-01,9.512004272098742996e-01
3.048972882420972197e-01,9.523852390827003411e-01
3.033198877857684050e-01,9.528887897722525535e-01
3.011587403266463014e-01,9.535740207896158394e-01
2.967277454475907295e-01,9.549621170923860980e-01
2.916500818614977120e-01,9.565250805651563937e-01
2.860182666246114946e-01,9.582241654002729980e-01
2.820527340113040404e-01,9.593989030829409570e-01
2.806357257884857792e-01,9.598143515342799637e-01
2.779492140007661649e-01,9.605957705696800408e-01
2.717251337050645144e-01,9.623749018511343900e-01
2.703618648648961620e-01,9.627587766552886395e-01
2.691975174227903556e-01,9.630849892991795169e-01
2.641927501267900547e-01,9.644699014383217861e-01
2.608046772334416952e-01,9.653915891145736783e-01
2.565573926908047975e-01,9.665289981452581669e-01
2.559968488173749446e-01,9.666776160621495251e-01
2.493414288992525096e-01,9.684156400195602643e-01
2.481577006599663404e-01,9.687196475777538618e-01
2.471280987753621816e-01,9.689828186277049671e-01
2.433787028509915851e-01,9.699313413837966635e-01
2.423428581952208061e-01,9.701906715083249422e-01
2.408175936613793644e-01,9.705703923895323548e-01
2.385386437851844676e-01,9.711330060404295139e-01
2.313525400065366833e-01,9.728699821828743488e-01
2.251758913742327173e-01,9.743181297419246656e-01
2.206553407443974102e-01,9.753518445161066808e-01
2.177686971175122332e-01,9.760004070469118220e-01
2.153045882552979406e-01,9.765469442255301225e-01
2.113324985691914237e-01,9.774142289983782650e-01
2.075971862654177047e-01,9.782143978978572463e-01
1.993601646568310681e-01,9.799262853643605498e-01
1.986413158299465409e-01,9.800722563389799857e-01
1.929132868315386606e-01,9.812158089655256266e-01
1.895573664960192861e-01,9.818696475638241106e-01
1.861925336266980757e-01,9.825132774785615419e-01
1.800957662663383863e-01,9.836490812138942719e-01
1.792261028288567037e-01,9.838079101454593189e-01
1.788252297243296263e-01,9.838808551923551304e-01
1.730214725465518688e-01,9.849180524479305143e-01
1.721107983369278838e-01,9.850775974997271200e-01
1.687727488003128162e-01,9.856549899748804355e-01
1.595511453929167878e-01,9.871896636431177763e-01
1.580270629368119017e-01,9.874347813296605603e-01
1.564122170896626862e-01,9.876918640674768879e-01
1.543683435301089202e-01,9.880133675794818826e-01
1.485480147073677815e-01,9.889051963290016456e-01
1.483873827048381999e-01,9.889293122635324229e-01
1.437691029593603509e-01,9.896112595530871525e-01
1.401358125400194443e-01,9.901322911832265428e-01
1.293984403914580639e-01,9.915926802998539236e-01
1.288411646888986684e-01,9.916652430541281760e-01
1.260364202914714404e-01,9.920256149717686656e-01
1.247884304643742948e-01,9.921833739900342009e-01
1.215298071110215289e-01,9.925877825076976357e-01
1.201977265227038710e-01,9.927499718150459840e-01
1.179835046823048822e-01,9.930155550759928174e-01
1.161434626832831274e-01,9.932324481590096843e-01
1.111885466234781017e-01,9.937993293918888638e-01
1.063856246001242817e-01,9.943249463220961148e-01
9.743953687398726471e-02,9.952414464107669501e-01
9.169779630658204950e-02,9.957868818941657540e-01
9.102547383322585894e-02,9.958485643477302807e-01
8.892273675725181903e-02,9.960385268088840505e-01
8.772343559612852393e-02,9.961448684037949031e-01
8.534475194391190345e-02,9.963514808116734622e-01
7.838682604928631781e-02,9.969230188444418994e-01
7.102104913759749172e-02,9.974748170151446214e-01
7.080190675513388376e-02,9.974903959436591805e-01
6.979591858070903487e-02,9.975612912244848918e-01
6.834681669439252039e-02,9.976616223187743104e-01
6.475408851501160412e-02,9.979012516379569542e-01
5.723362828605949026e-02,9.983608124286580399e-01
5.504036388240757943e-02,9.984841302412874597e-01
5.427614226005050141e-02,9.985259637993242343e-01
4.983919848068907310e-02,9.987572549397604194e-01
4.389462521422297231e-02,9.990361664510957196e-01
4.258150506386054746e-02,9.990929963854683349e-01
3.681552782857904632e-02,9.993220786666815458e-01
3.426442233630374451e-02,9.994128022804030786e-01
3.376578969771904665e-02,9.994297731437011834e-01
2.792757181724937407e-02,9.996099492964197752e-01
2.418849193046414270e-02,9.997074156262542033e-01
2.348843418109468340e-02,9.997241086718424707e-01
2.099507851251621038e-02,9.997795790464292232e-01
1.778412334437189796e-02,9.998418499727249609e-01
1.415587113882050760e-02,9.998998006361843327e-01
9.881814794527368426e-03,9.999511736761815817e-01
7.634846888866631161e-03,9.999708541317566812e-01
5.372478646049616557e-03,9.999855681324576473e-01
7.374345779193272219e-04,9.999997280950867484e-01
-3.489413610222159064e-03,9.999939119777973007e-01
-7.458433887965252099e-03,9.999721854951473254e-01
-1.046029200153157819e-02,9.999452896490098608e-01
-1.112023222670934300e-02,9.999381683060336590e-01
-1.643383545421912145e-02,9.998649554076115553e-01
-2.315477925464752215e-02,9.997318921579216866e-01
-2.880475104427618685e-02,9.995850570698244786e-01
-3.223874973053353354e-02,9.994801964100251679e-01
-3.662461934609977793e-02,9.993290935711551803e-01
-3.727339238500319840e-02,9.993051056709996161e-01
-4.019085925219854916e-02,9.991920210012527059e-01
-4.313482903996952722e-02,9.990692601234837378e-01
-4.764239288486718515e-02,9.988644564705507767e-01
-5.281739938683550212e-02,9.986041870140605070e-01
-5.427909127820290669e-02,9.985258034973506502e-01
-5.904518833539802725e-02,9.982553108971903288e-01
-6.190504333657954883e-02,9.980820435262359736e-01
-7.054435249190783852e-02,9.975086437377301829e-01
-7.279038346471751464e-02,9.973472615268309527e-01
-7.558845960398473396e-02,9.971391000129792292e-01
-7.629926107637234611e-02,9.970849626582480862e-01
-7.791925281157860428e-02,9.969596732271971407e-01
-8.446343132697375911e-02,9.964265797179775452e-01
-9.142394262560182838e-02,9.958120619448158628e-01
-9.439825325227010899e-02,9.955345146115819333e-01
-9.959238132884473682e-02,9.950283199895691988e-01
-1.002244563926441706e-01,9.949648528168275607e-01
-1.035847027040274065e-01,9.946206359038247680e-01
-1.073089379743223798e-01,9.942257247882991811e-01
-1.126209969767545255e-01,9.936380181132091760e-01
-1.201198091919564170e-01,9.927594025944520562e-01
-1.202923540972364452e-01,9.927385101554940805e-01
-1.245981150854272301e-01,9.922072917073132547e-01
-1.263252345401514043e-01,9.919888785255568386e-01
-1.343914218835694230e-01,9.909283252204023063e-01
-1.356166210583171217e-01,9.907613900898238901e-01
-1.448476683619495664e-01,9.894539670798826458e-01
-1.500234205125201559e-01,9.886824431017843251e-01
-1.513697674442225360e-01,9.884772094003283494e-01
-1.527417710559668407e-01,9.882661338802829487e-01
-1.543830874433809452e-01,9.880110638608529117e-01
-1.554760795157469622e-01,9.878396573829321126e-01
-1.586611168488612778e-01,9.873330998200553488e-01
-1.624289568806482620e-01,9.867202409835597043e-01
-1.652189667744758672e-01,9.862569102510608809e-01
-1.721098853543195362e-01,9.850777570137834172e-01
-1.738674584296147352e-01,9.847690627244698458e-01
-1.770745526428361416e-01,9.841974409671768731e-01
-1.867806791445081327e-01,9.824016377726141336e-01
-1.887688446211292781e-01,9.820215493055064471e-01
-1.921676380665600092e-01,9.813621140435040413e-01
-1.925604081349998886e-01,9.812851212664407408e-01
-2.007057223664809598e-01,9.796515773525643622e-01
-2.062940400757935222e-01,9.784900454420639715e-01
-2.080808940675719920e-01,9.781116201763704332e-01
-2.105610641846961673e-01,9.775807067702643183e-01
-2.152658264417625367e-01,9.765554894455896751e-01
-2.154444771995713825e-01,9.765160916463255791e-01
-2.177288298511929343e-01,9.760093015190089982e-01
-2.237338766861973749e-01,9.746502718529415077e-01
-2.249771093034135527e-01,9.743640491569114381e-01
-2.284731623056851790e-01,9.735502113943763636e-01
-2.310130794128604503e-01,9.729506447606659503e-01
-2.333262373762303998e-01,9.723985124175424932e-01
-2.387162235051673298e-01,9.710893700558307362e-01
-2.408810563388832926e-01,9.705546438491009509e-01
-2.437518822914969685e-01,9.698376255226185405e-01
-2.465679937795984544e-01,9.691254946824447991e-01
-2.506024898812684865e-01,9.680900743553284560e-01
-2.533130299643859829e-01,9.673843645884796505e-01
-2.550356059438114165e-01,9.669316623737570504e-01
-2.584921139503110199e-01,9.660133679331294188e-01
-2.623817225261207420e-01,9.649641608289075689e-01
-2.669443849402567404e-01,9.637119358754823173e-01
-2.720931841208767410e-01,9.622709073618378461e-01
-2.730381346855820235e-01,9.620032104974627352e-01
-2.795849253689128844e-01,9.601209660800368306e-01
-2.831793583974018813e-01,9.590669689743476223e-01
-2.871270072878827073e-01,9.578925209468398538e-01
-2.878069851160947046e-01,9.576884354101630192e-01
-2.887494989345408269e-01,9.574046829136806380e-01
-2.943582919838834133e-01,9.556951375518858427e-01
-2.990478043710273481e-01,9.542381310243674974e-01
-3.005925183937175338e-01,9.537526607489599240e-01
-3.053741961700252028e-01,9.522324297741188159e-01
-3.074896903915051993e-01,9.515514123277516445e-01
-3.175573470877556259e-01,9.482390686480893782e-01
-3.222370889179863029e-01,9.466589980165330820e-01
-3.226748680590559304e-01,9.465098676311166637e-01
-3.242958535689870470e-01,9.459557068689706805e-01
-3.295165157987818838e-01,9.441498111082978761e-01
-3.317286039984764789e-01,9.433748636089772655e-01
-3.323463860214464494e-01,9.431573992173869492e-01
-3.351700137664662682e-01,9.421576629586962959e-01
-3.396509665899527519e-01,9.405515514284744638e-01
-3.434464516090895425e-01,9.391722604917088768e-01
-3.446657914292627356e-01,9.387254615799238699e-01
-3.503648696642638338e-01,9.366132916551697107e-01
-3.538822826288513523e-01,9.352899711006122940e-01
-3.552144711944874023e-01,9.347848305647732392e-01
-3.598358437218481809e-01,9.330156298653164981e-01
-3.626651036618158130e-01,9.319195365405573694e-01
-3.632492105357261747e-01,9.316920151236502967e-01
-3.671301242069731074e-01,9.301695930849338545e-01
-3.692562675736832389e-01,9.293276111563463227e-01
-3.733019308516453694e-01,9.277099053165489551e-01
-3.748979059205631570e-01,9.270661034340438311e-01
-3.778131248087825411e-01,9.258818729850030183e-01
-3.871974622515473863e-01,9.219968141083627611e-01
-3.887870876248542551e-01,9.213276292916425803e-01
-3.944990376251042985e-01,9.188963539555793369e-01
-3.977792845955772649e-01,9.174811391775994363e-01
-3.985133682714603887e-01,9.171625239339704638e-01
-4.012486433609263048e-01,9.159691731717980456e-01
-4.029013818259464252e-01,9.152433974210029133e-01
-4.110008928576280862e-01,9.116349412293502930e-01
-4.126650932963066842e-01,9.108828249422415979e-01
-4.149302855802591283e-01,9.098532069011375789e-01
-4.178464942794862802e-01,9.085176427667069898e-01
-4.215468930791859692e-01,9.068066039323405825e-01
-4.241319144376530792e-01,9.056004191449071872e-01
-4.282103243786340996e-01,9.036791012829215042e-01
-4.320719571347337862e-01,9.018391341352114399e-01
-4.353319690569816269e-01,9.002700021199028235e-01
-4.392640041244270099e-01,8.983580214372071104e-01
-4.414048496679131017e-01,8.973080623117354326e-01
-4.421876722949888427e-01,8.969225509877306601e-01
-4.432657911913906457e-01,8.963902266086282156e-01
-4.454871454709365963e-01,8.952883352418707918e-01
-4.531796096709629351e-01,8.914192287462020525e-01
-4.559649803317100680e-01,8.899977172505056933e-01
-4.570492802861267356e-01,8.894413726547328869e-01
-4.583186372043504542e-01,8.887879537837718447e-01
-4.620594994855605209e-01,8.868489267824430922e-01
-4.661931130127381362e-01,8.846829835480612969e-01
-4.724654990794776022e-01,8.813491658699080800e-01
-4.740046151492309234e-01,8.805223590671936718e-01
-4.748283058897553865e-01,8.800784510064322275e-01
-4.783301129957438502e-01,8.781801085207427970e-01
-4.813106279122424946e-01,8.765501009404638166e-01
-4.829100190234338896e-01,8.756699798022018477e-01
-4.862841066267452605e-01,8.738007596942314326e-01
-4.873488146628243700e-01,8.732073824967109266e-01
-4.927088988606257991e-01,8.701941972821600757e-01
-4.975547242467172615e-01,8.674325889542008339e-01
-5.005480339468503237e-01,8.657087649504069393e-01
-5.033435503202692285e-01,8.640863789870798506e-01
-5.058164272275362805e-01,8.626411432031078075e-01
-5.071521545206428838e-01,8.618565380416067789e-01
-5.114228587142788385e-01,8.593291916282749243e-01
-5.134923802717553665e-01,8.580941529942134327e-01
-5.163260500989069746e-01,8.563920889343029641e-01
-5.209443743520039138e-01,8.535906271925650657e-01
-5.268439504246390515e-01,8.499620296818936049e-01
-5.272466795178841759e-01,8.497122683222575468e-01
-5.317098530591869432e-01,8.469265801471669297e-01
-5.335377338639595290e-01,8.457762626979500320e-01
-5.385966749972295187e-01,8.425637196568099840e-01
-5.392302223187207533e-01,8.421583980096042366e-01
-5.398644646205388309e-01,8.417519586196284820e-01
-5.444998722455868245e-01,8.387609248913153737e-01
-5.470265984987408014e-01,8.371152253632098139e-01
-5.493375956057916509e-01,8.356005062552622764e-01
-5.514535080443487836e-01,8.342056272080570212e-01
-5.521968901887266412e-01,8.337137365222591079e-01
-5.614488267996193827e-01,8.275114590658758651e-01
-5.627887535765259130e-01,8.266007614609306442e-01
-5.649910023181264895e-01,8.250970653805288491e-01
-5.698842463039578421e-01,8.217249818610705692e-01
-5.763909183445991014e-01,8.171740997179481880e-01
-5.790593401071454371e-01,8.152853982714691750e-01
-5.831165169766525658e-01,8.123885324332307256e-01
-5.875334776535232617e-01,8.091998595133166328e-01
-5.878019111520307316e-01,8.090048907429604474e-01
-5.884896922522786511e-01,8.085047199075734436e-01
-5.933477168197147655e-01,8.049462633895694275e-01
-5.966650817519986161e-01,8.024903614485844328e-01
-6.003021825022111235e-01,7.997732739239811206e-01
-6.042166272456285236e-01,7.968200972364440915e-01
-6.053309532885999822e-01,7.959738921539432077e-01
-6.083802349820085498e-01,7.936456953094592759e-01
-6.105330045210916046e-01,7.919908145871634719e-01
-6.149228011476099987e-01,7.885873119882044202e-01
-6.161494540909847606e-01,7.876292593748454030e-01
-6.163814190799510317e-01,7.874477418933923945e-01
-6.222062819010314438e-01,7.828533341328359763e-01
-6.257085685798261521e-01,7.800569127991845431e-01
-6.288422529870835165e-01,7.775329066079036400e-01
-6.291556814344824167e-01,7.772793117784075889e-01
-6.337150883888775788e-01,7.735665367298913964e-01
-6.348705805365727484e-01,7.726184996291294294e-01
-6.374694771574556107e-01,7.704756100569422061e-01
-6.406919437572358156e-01,7.677980419384945465e-01
-6.429001937964595736e-01,7.659499597339795018e-01
-6.458911264485535098e-01,7.634295336015182176e-01
-6.499936928224465671e-01,7.599396023968294500e-01
-6.516110761247154715e-01,7.585532317982679462e-01
-6.540929464633306045e-01,7.564141837557661896e-01
-6.609803852857680795e-01,7.504031784763927071e-01
-6.636754487560154736e-01,7.480206539384546272e-01
-6.693527997342464397e-01,7.429447015006711563e-01
-6.749627024652649077e-01,7.378518484633508345e-01
-6.774152816678974398e-01,7.356007994577049569e-01
-6.798001295497461127e-01,7.333974255914430529e-01
-6.806052889281637430e-01,7.326502853906557977e-01
-6.859763427612839415e-01,7.276238431853633282e-01
-6.867610155667753791e-01,7.268832832702081248e-01
-6.906750369701772918e-01,7.231652600244533602e-01
-6.970691640351829310e-01,7.170038915872652963e-01
-6.973705459371046800e-01,7.167107656924008863e-01
-7.005922792790215681e-01,7.135618110679814441e-01
-7.013505175008365455e-01,7.128165623786429927e-01
-7.017110389306814300e-01,7.124616606125643292e-01
-7.032210126036758657e-01,7.109713126650402115e-01
-7.047990105310411035e-01,7.094070444776076068e-01
-7.063987496105961217e-01,7.078141045137279486e-01
-7.097851506920941356e-01,7.044182279420301285e-01
-7.107380888570220545e-01,7.034567286250558160e-01
-7.128772960968533523e-01,7.012887855296381368e-01
-7.142944233378440977e-01,6.998453234740165119e-01
-7.176507105411759069e-01,6.964032292140391878e-01
-7.220284223264497037e-01,6.918633950085630868e-01
-7.224839245843871494e-01,6.913877195301835199e-01
-7.240545322381373161e-01,6.897427305491719007e-01
-7.285295391339245974e-01,6.850143871549773111e-01
-7.346527550912664850e-01,6.784433133555203277e-01
-7.367905606313747136e-01,6.761210466806180097e-01
-7.402185352118059170e-01,6.723663585641931340e-01
-7.426439845591068512e-01,6.696864282618962827e-01
-7.437388921465871716e-01,6.684702389101226938e-01
-7.458039220808789782e-01,6.661655273344434525e-01
-7.482199478815532157e-01,6.634507589807473460e-01
-7.485808518019586577e-01,6.630435191716017584e-01
-7.520697360515221641e-01,6.590835395573112487e-01
-7.554764052077125314e-01,6.551758551522045559e-01
-7.574348619158117746e-01,6.529107365900660431e-01
-7.600473769999124274e-01,6.498676670796550425e-01
-7.633717983238895721e-01,6.459593621302883726e-01
-7.672747077500609025e-01,6.413185813985511352e-01
-7.716030243979703496e-01,6.361043725206562138e-01
-7.724114716474697051e-01,6.351224436810281038e-01
-7.734169144338244317e-01,6.338976861195014800e-01
-7.759768728905439561e-01,6.307613595798355899e-01
-7.765182304266290414e-01,6.300947847864504237e-01
-7.786187997022859797e-01,6.274972229023589865e-01
-7.837216583491440902e-01,6.211121977827107621e-01
-7.866185049241819494e-01,6.174393311984932575e-01
-7.874091820402379094e-01,6.164306773991059529e-01
-7.882066445085759154e-01,6.154106641524184074e-01
-7.921011941186127947e-01,6.103897920803144084e-01
-7.927577115740842562e-01,6.095368821817302996e-01
-7.940673807968712250e-01,6.078297415842630613e-01
-7.975768559562458337e-01,6.032173396404911792e-01
-8.001739263612867026e-01,5.997680281338465536e-01
-8.002916505374827461e-01,5.996109355907347505e-01
-8.030175160565784509e-01,5.959554252679726272e-01
-8.060191126764469915e-01,5.918895082701488564e-01
-8.067190704511773003e-01,5.909351414244928824e-01
-8.084324899038158874e-01,5.885889136467928884e-01
-8.121933283100267742e-01,5.833883761686325942e-01
-8.141911225426903265e-01,5.805969479532785416e-01
-8.154200899182362239e-01,5.788696545490653600e-01
-8.166589235206646036e-01,5.771206135930876391e-01
-8.172777312224960289e-01,5.762439674719352922e-01
-8.202004923883944310e-01,5.720761769955425846e-01
-8.223953712201047539e-01,5.689163852410464850e-01
-8.230841352562039415e-01,5.679194540509636679e-01
-8.248857679348106098e-01,5.652994514932759840e-01
-8.307165168440041603e-01,5.566956696818816663e-01
-8.327948559150605279e-01,5.535817265421727473e-01
-8.352433995873859152e-01,5.498804083123230990e-01
-8.363990793044846495e-01,5.481209539313592893e-01
-8.383505727737887714e-01,5.451314677487164584e-01
-8.406933117002766132e-01,5.415115471182780915e-01
-8.413618336200054948e-01,5.404722610158539942e-01
-8.424015365886622364e-01,5.388503049577465509e-01
-8.456541489220902319e-01,5.337312623510488407e-01
-8.484759914400312741e-01,5.292338726402955329e-01
-8.511631567922166575e-01,5.249012102477079722e-01
-8.519889730462706368e-01,5.235597289780394847e-01
-8.523012392273502380e-01,5.230512380365168745e-01
-8.552144542025430507e-01,5.182742877309883811e-01
-8.559383593993058481e-01,5.170778712233168317e-01
-8.586618123364908595e-01,5.125425758266627385e-01
-8.630771598401832945e-01,5.050720900645724321e-01
-8.644721906786226873e-01,5.026806456820234192e-01
-8.648611178915012188e-01,5.020112018266811305e-01
-8.664232803379379177e-01,4.993102234968290754e-01
-8.667156211857626191e-01,4.988025982215614218e-01
-8.695157222573960398e-01,4.939052629272061012e-01
-8.704066950994601148e-01,4.923334085008171934e-01
-8.719843294639949560e-01,4.895337875665134453e-01
-8.731029231149338710e-01,4.875359326738368804e-01
-8.741939425683333820e-01,4.855769257046843590e-01
-8.801209468341899544e-01,4.747495328525281333e-01
-8.805163272441117739e-01,4.740158198378460197e-01
-8.813618507712723815e-01,4.724418355787701196e-01
-8.844735427337702127e-01,4.665903473112054112e-01
-8.862946434390400752e-01,4.631218036448732089e-01
-8.867549808689667579e-01,4.622397688473770527e-01
-8.869764435358208354e-01,4.618146691179757513e-01
-8.882204226497280031e-01,4.594175451459595050e-01
-8.891304172350079638e-01,4.576539097915610088e-01
-8.906054040690402074e-01,4.547768840244829081e-01
-8.944638041932867489e-01,4.471403616182300644e-01
-8.970034418923779063e-01,4.420235573283781694e-01
-8.988880034202988423e-01,4.381784537229775345e-01
-9.016945731005110432e-01,4.323735616814403104e-01
-9.031571470754767850e-01,4.293101066670598764e-01
-9.050882672389394257e-01,4.252237393495373330e-01
-9.056987188001445199e-01,4.239219630589771137e-01
-9.079071689245165055e-01,4.191712926900976743e-01
-9.087517439357613025e-01,4.173371154039785536e-01
-9.100544498799656434e-01,4.144887190909838370e-01
-9.111515491365856922e-01,4.120714191811651883e-01
-9.137771741365724454e-01,4.062157998244110280e-01
-9.161192088097082076e-01,4.009059680896185918e-01
-9.177336939549527450e-01,3.971962575098058612e-01
-9.180396594640625185e-01,3.964885668605102609e-01
-9.195788983172946685e-01,3.929053954446842800e-01
-9.219797244356582322e-01,3.872381537627034298e-01
-9.223096743065376524e-01,3.864516330416472578e-01
-9.235357007211882907e-01,3.835124632830390623e-01
-9.238362012820532376e-01,3.827880264594840654e-01
-9.267509515367160500e-01,3.756762886126489009e-01
-9.273893534730115462e-01,3.740975635645067965e-01
-9.295996066343408248e-01,3.685709854902794458e-01
-9.299689859435267270e-01,3.676379811488293403e-01
-9.320334894845109242e-01,3.623721491496407765e-01
-9.334290800382463171e-01,3.587619719799709506e-01
-9.351160090689765170e-01,3.543417130157188177e-01
-9.370777584738313459e-01,3.491207163341417674e-01
-9.381511812963734265e-01,3.462258815169826920e-01
-9.400796186360296236e-01,3.409549979471245829e-01
-9.403988716306652673e-01,3.400734659390240999e-01
-9.425970714352595037e-01,3.339322699615513979e-01
-9.427988746636748463e-01,3.333620883257525369e-01
-9.451522564149653638e-01,3.266300846427204196e-01
-9.468165169080920984e-01,3.217739630703798648e-01
-9.475299454890632189e-01,3.196670180070371181e-01
-9.479035968479782026e-01,3.185573277805367476e-01
-9.484546707927130615e-01,3.169128231099180848e-01
-9.489433912747239352e-01,3.154464140801587213e-01
-9.493884709936584176e-01,3.141043316229709670e-01
-9.524841696909420730e-01,3.045880931490060339e-01
-9.533871047912448882e-01,3.017499435256931206e-01
-9.542947492783691033e-01,2.988670799866345318e-01
-9.555264562932733741e-01,2.949053938530345476e-01
-9.565488126897828680e-01,2.915722362327797246e-01
-9.576133123726677798e-01,2.880568415550113226e-01
-9.583086603834659600e-01,2.857350371131324174e-01
-9.583430179784613312e-01,2.856197820388874931e-01
-9.596794918394910834e-01,2.810965544838786023e-01
-9.597829565880866554e-01,2.807430787090136048e-01
-9.619632964154978261e-01,2.731787260191529398e-01
-9.628558040673836915e-01,2.700161116928445071e-01
-9.636135398623140169e-01,2.672993561421464492e-01
-9.647231762939521005e-01,2.632663919327828950e-01
-9.660083229978547736e-01,2.585109666897431047e-01
-9.666951943316905993e-01,2.559304617587024877e-01
-9.676475055715775264e-01,2.523059748818974324e-01
-9.686910372765751287e-01,2.482693583590897257e-01
-9.693695887770090724e-01,2.456065967238911518e-01
-9.705735034530963423e-01,2.408050547533810981e-01
-9.714520174504719385e-01,2.372361224422242509e-01
-9.725616521776020429e-01,2.326452937705304480e-01
-9.727605554122575882e-01,2.318122124350519564e-01
-9.734933844825173210e-01,2.287151730182360176e-01
-9.745849269779547352e-01,2.240183477025115000e-01
-9.755150547287427809e-01,2.199326669632829523e-01
-9.759164541465934484e-01,2.181446183749732315e-01
-9.759417722802691264e-01,2.180313214160970736e-01
-9.776616842739727087e-01,2.101847546863853111e-01
-9.783801919825338977e-01,2.068144094018127266e-01
-9.799942871049706072e-01,1.990256195609303447e-01
-9.806605032683961554e-01,1.957165739771978274e-01
-9.814325443738318722e-01,1.918076141447962180e-01
-9.821407661960377400e-01,1.881475893437064839e-01
-9.828636109601753823e-01,1.843342677049769063e-01
-9.833438121936732834e-01,1.817551843012922552e-01
-9.840240229703187680e-01,1.780357329788512244e-01
-9.843060185978627086e-01,1.764700024141019341e-01
-9.852758674497283931e-01,1.709721176718876634e-01
-9.857490844829798204e-01,1.682223006648289609e-01
-9.862183336204189965e-01,1.654490810822993041e-01
-9.864305561872450667e-01,1.641790419636995901e-01
-9.867070170961582676e-01,1.625092686993493407e-01
-9.868587893643152587e-01,1.615850545514654346e-01
-9.875207323396085757e-01,1.574890573958931117e-01
-9.876185252160843975e-01,1.568746271708462148e-01
-9.890448343554418820e-01,1.476154315605985312e-01
-9.892137698609378971e-01,1.464790685303318241e-01
-9.892653750969847559e-01,1.461301393765418732e-01
-9.900729523466849091e-01,1.405544344071506246e-01
-9.906414330753241515e-01,1.364901134679098738e-01
-9.909364725842385591e-01,1.343313340300634762e-01
-9.913923478353767749e-01,1.309244539933628881e-01
-9.917694473050767678e-01,1.280365705264004395e-01
-9.921024869844685679e-01,1.254298820825466843e-01
-9.921323082098985058e-01,1.251937818188340878e-01
-9.925933622187272931e-01,1.214842264630369012e-01
-9.930315052071594373e-01,1.178491818640270833e-01
-9.932430079028033987e-01,1.160531225439257325e-01
-9.937530544053430059e-01,1.116013748125605637e-01
-9.942902977167125123e-01,1.067089680693371068e-01
-9.946510117825988484e-01,1.032926171604356264e-01
-9.953403785305063867e-01,9.642370490058524424e-02
-9.955574144469079290e-01,9.415643652875159419e-02
-9.955843069169343362e-01,9.387165610946679450e-02
-9.959988846819750608e-01,8.936566293763063829e-02
-9.962576158987797026e-01,8.643357428499696959e-02
-9.965552329333852155e-01,8.293170511388806010e-02
-9.966874327785125720e-01,8.132749437542255433e-02
-9.973906374771474015e-01,7.219360271475304403e-02
-9.974685503820488464e-01,7.110900785933793600e-02
-9.975482335305246862e-01,6.998229619082550756e-02
-9.982648300156268251e-01,5.888403139955126347e-02
-9.985201444332171272e-01,5.438309628072292984e-02
-9.985980824751345963e-01,5.293269005987363829e-02
-9.988098323447702764e-01,4.877416130923720866e-02
-9.988535028816422079e-01,4.787149236299947930e-02
-9.990705008427651634e-01,4.310608246845663155e-02
-9.991222557982475383e-01,4.188935388161991319e-02
-9.992612206034637845e-01,3.843192680677738615e-02
-9.993831399354329292e-01,3.511893524589754234e-02
-9.994339728177511484e-01,3.364125410467579125e-02
-9.994861003754532680e-01,3.205518922507194501e-02
-9.996534567533339466e-01,2.632425499618235368e-02
-9.997391947021203595e-01,2.283730667935891454e-02
-9.997825731166355423e-01,2.085201410607170902e-02
-9.998798677858301565e-01,1.549999989050415521e-02
-9.999182620560882473e-01,1.278550768407904492e-02
-9.999608315454071583e-01,8.850727371765060650e-03
-9.999635429875707304e-01,8.538893121718559368e-03
-9.999798890939074480e-01,6.342034983619114843e-03
-9.999827903772788851e-01,5.866766509325049839e-03
-9.999999783273085807e-01,2.081955722174037447e-04
